PRT_ID,AREA,SALE_COND,PARK_FACIL,BUILDTYPE,UTILITY_AVAIL,STREET,MZZONE
P03210,Karapakkam,AbNormal,Yes,Commercial,AllPub,Paved,A
P09411,Anna Nagar,Family,No,Others,ELO,Gravel,RH
P01812,Adyar,Partial,Noo,Other,NoSewr ,No Access,RL
P05346,Velachery,AdjLand,,House,NoSeWa,Pavd,I
P06210,Chrompet,Normal Sale,,Comercial,All Pub,NoAccess,C
P00219,KK Nagar,Ab Normal,,,,,RM
P09105,TNagar,Partiall,,,,,
P09679,T Nagar,Adj Land,,,,,
P03377,Chrompt,PartiaLl,,,,,
P09623,Chrmpet,,,,,,
P09540,Karapakam,,,,,,
P07121,Ana Nagar,,,,,,
P05512,Chormpet,,,,,,
P09370,Adyr,,,,,,
P04085,Velchery,,,,,,
P06328,Ann Nagar,,,,,,
P06039,KKNagar,,,,,,
P02016,,,,,,,
P08160,,,,,,,
P01372,,,,,,,
P00936,,,,,,,
P07346,,,,,,,
P06851,,,,,,,
P04665,,,,,,,
P00902,,,,,,,
P00293,,,,,,,
P02235,,,,,,,
P04080,,,,,,,
P02677,,,,,,,
P00755,,,,,,,
P06980,,,,,,,
P02696,,,,,,,
P01517,,,,,,,
P09650,,,,,,,
P05950,,,,,,,
P05051,,,,,,,
P04978,,,,,,,
P03704,,,,,,,
P02247,,,,,,,
P07194,,,,,,,
P01107,,,,,,,
P02442,,,,,,,
P06444,,,,,,,
P05298,,,,,,,
P05882,,,,,,,
P02558,,,,,,,
P09483,,,,,,,
P06006,,,,,,,
P04106,,,,,,,
P09556,,,,,,,
P00389,,,,,,,
P05245,,,,,,,
P01690,,,,,,,
P07753,,,,,,,
P08611,,,,,,,
P01934,,,,,,,
P06326,,,,,,,
P00865,,,,,,,
P02088,,,,,,,
P07770,,,,,,,
P08118,,,,,,,
P03221,,,,,,,
P03273,,,,,,,
P08667,,,,,,,
P03791,,,,,,,
P01247,,,,,,,
P02391,,,,,,,
P07825,,,,,,,
P05787,,,,,,,
P02285,,,,,,,
P05304,,,,,,,
P05309,,,,,,,
P09664,,,,,,,
P02813,,,,,,,
P08933,,,,,,,
P03590,,,,,,,
P01725,,,,,,,
P06570,,,,,,,
P02686,,,,,,,
P07789,,,,,,,
P08836,,,,,,,
P02716,,,,,,,
P09780,,,,,,,
P06528,,,,,,,
P06989,,,,,,,
P07824,,,,,,,
P00545,,,,,,,
P06461,,,,,,,
P07650,,,,,,,
P07887,,,,,,,
P08050,,,,,,,
P04677,,,,,,,
P03124,,,,,,,
P08147,,,,,,,
P06097,,,,,,,
P00959,,,,,,,
P00057,,,,,,,
P08607,,,,,,,
P01632,,,,,,,
P00937,,,,,,,
P09868,,,,,,,
P08848,,,,,,,
P07681,,,,,,,
P00407,,,,,,,
P06126,,,,,,,
P09763,,,,,,,
P02652,,,,,,,
P06329,,,,,,,
P01701,,,,,,,
P09722,,,,,,,
P04743,,,,,,,
P06768,,,,,,,
P06746,,,,,,,
P00934,,,,,,,
P00899,,,,,,,
P00566,,,,,,,
P07878,,,,,,,
P05305,,,,,,,
P02252,,,,,,,
P03571,,,,,,,
P00942,,,,,,,
P08304,,,,,,,
P07597,,,,,,,
P06565,,,,,,,
P06398,,,,,,,
P09293,,,,,,,
P09021,,,,,,,
P04325,,,,,,,
P05031,,,,,,,
P08918,,,,,,,
P05947,,,,,,,
P05350,,,,,,,
P07092,,,,,,,
P08337,,,,,,,
P00089,,,,,,,
P00403,,,,,,,
P00717,,,,,,,
P06064,,,,,,,
P08625,,,,,,,
P02917,,,,,,,
P06881,,,,,,,
P05823,,,,,,,
P01492,,,,,,,
P06226,,,,,,,
P07481,,,,,,,
P05518,,,,,,,
P06801,,,,,,,
P07373,,,,,,,
P04399,,,,,,,
P07490,,,,,,,
P05417,,,,,,,
P09702,,,,,,,
P05869,,,,,,,
P00534,,,,,,,
P07334,,,,,,,
P08511,,,,,,,
P04112,,,,,,,
P02262,,,,,,,
P03305,,,,,,,
P05447,,,,,,,
P02126,,,,,,,
P06964,,,,,,,
P08195,,,,,,,
P04311,,,,,,,
P08974,,,,,,,
P04824,,,,,,,
P09337,,,,,,,
P08903,,,,,,,
P08975,,,,,,,
P03906,,,,,,,
P08737,,,,,,,
P00163,,,,,,,
P07499,,,,,,,
P01939,,,,,,,
P03550,,,,,,,
P00920,,,,,,,
P01500,,,,,,,
P00340,,,,,,,
P02832,,,,,,,
P04417,,,,,,,
P05246,,,,,,,
P02863,,,,,,,
P03006,,,,,,,
P08264,,,,,,,
P04420,,,,,,,
P04928,,,,,,,
P08752,,,,,,,
P03833,,,,,,,
P06156,,,,,,,
P01763,,,,,,,
P02399,,,,,,,
P03260,,,,,,,
P08138,,,,,,,
P07941,,,,,,,
P08181,,,,,,,
P07510,,,,,,,
P07420,,,,,,,
P04010,,,,,,,
P06446,,,,,,,
P06517,,,,,,,
P06871,,,,,,,
P07432,,,,,,,
P03326,,,,,,,
P01979,,,,,,,
P07185,,,,,,,
P03108,,,,,,,
P05849,,,,,,,
P04250,,,,,,,
P03292,,,,,,,
P08027,,,,,,,
P03347,,,,,,,
P05714,,,,,,,
P04299,,,,,,,
P07890,,,,,,,
P08044,,,,,,,
P07866,,,,,,,
P03262,,,,,,,
P09528,,,,,,,
P06089,,,,,,,
P05826,,,,,,,
P02984,,,,,,,
P05451,,,,,,,
P03403,,,,,,,
P08753,,,,,,,
P08480,,,,,,,
P03822,,,,,,,
P09994,,,,,,,
P06686,,,,,,,
P09839,,,,,,,
P07907,,,,,,,
P01575,,,,,,,
P05854,,,,,,,
P05279,,,,,,,
P08056,,,,,,,
P05180,,,,,,,
P06772,,,,,,,
P05622,,,,,,,
P03766,,,,,,,
P05493,,,,,,,
P05498,,,,,,,
P03329,,,,,,,
P02091,,,,,,,
P01651,,,,,,,
P07585,,,,,,,
P09195,,,,,,,
P00166,,,,,,,
P00927,,,,,,,
P01999,,,,,,,
P04891,,,,,,,
P03800,,,,,,,
P07958,,,,,,,
P09676,,,,,,,
P01737,,,,,,,
P07362,,,,,,,
P09402,,,,,,,
P06908,,,,,,,
P01178,,,,,,,
P05817,,,,,,,
P00699,,,,,,,
P04841,,,,,,,
P01647,,,,,,,
P04590,,,,,,,
P03908,,,,,,,
P08794,,,,,,,
P02451,,,,,,,
P04850,,,,,,,
P05660,,,,,,,
P09187,,,,,,,
P02390,,,,,,,
P03404,,,,,,,
P09067,,,,,,,
P00330,,,,,,,
P09285,,,,,,,
P05669,,,,,,,
P07880,,,,,,,
P09906,,,,,,,
P00487,,,,,,,
P08117,,,,,,,
P04991,,,,,,,
P00214,,,,,,,
P06313,,,,,,,
P03528,,,,,,,
P03457,,,,,,,
P04638,,,,,,,
P03587,,,,,,,
P09583,,,,,,,
P06391,,,,,,,
P02470,,,,,,,
P09557,,,,,,,
P06262,,,,,,,
P05477,,,,,,,
P02309,,,,,,,
P01548,,,,,,,
P04821,,,,,,,
P02713,,,,,,,
P08465,,,,,,,
P02310,,,,,,,
P09665,,,,,,,
P06287,,,,,,,
P06698,,,,,,,
P07369,,,,,,,
P02245,,,,,,,
P06933,,,,,,,
P01002,,,,,,,
P07261,,,,,,,
P05720,,,,,,,
P08626,,,,,,,
P09661,,,,,,,
P06041,,,,,,,
P03794,,,,,,,
P04018,,,,,,,
P04698,,,,,,,
P02964,,,,,,,
P08876,,,,,,,
P05953,,,,,,,
P07062,,,,,,,
P09683,,,,,,,
P06128,,,,,,,
P02257,,,,,,,
P06193,,,,,,,
P08685,,,,,,,
P05642,,,,,,,
P02602,,,,,,,
P00726,,,,,,,
P06914,,,,,,,
P07558,,,,,,,
P03775,,,,,,,
P05465,,,,,,,
P03635,,,,,,,
P01156,,,,,,,
P02905,,,,,,,
P06729,,,,,,,
P05579,,,,,,,
P00343,,,,,,,
P00100,,,,,,,
P02620,,,,,,,
P04790,,,,,,,
P00721,,,,,,,
P03999,,,,,,,
P06556,,,,,,,
P07169,,,,,,,
P00040,,,,,,,
P07638,,,,,,,
P01919,,,,,,,
P06857,,,,,,,
P04167,,,,,,,
P01855,,,,,,,
P01305,,,,,,,
P03199,,,,,,,
P04142,,,,,,,
P01778,,,,,,,
P04954,,,,,,,
P08796,,,,,,,
P08827,,,,,,,
P09007,,,,,,,
P03358,,,,,,,
P06132,,,,,,,
P00079,,,,,,,
P05873,,,,,,,
P05499,,,,,,,
P03121,,,,,,,
P01557,,,,,,,
P04745,,,,,,,
P04769,,,,,,,
P08883,,,,,,,
P08909,,,,,,,
P03773,,,,,,,
P02174,,,,,,,
P01552,,,,,,,
P05290,,,,,,,
P01161,,,,,,,
P04884,,,,,,,
P08858,,,,,,,
P00922,,,,,,,
P02543,,,,,,,
P07228,,,,,,,
P09140,,,,,,,
P07212,,,,,,,
P04493,,,,,,,
P09681,,,,,,,
P09981,,,,,,,
P09634,,,,,,,
P01323,,,,,,,
P05737,,,,,,,
P09872,,,,,,,
P00812,,,,,,,
P09951,,,,,,,
P05443,,,,,,,
P03302,,,,,,,
P05464,,,,,,,
P09248,,,,,,,
P03610,,,,,,,
P00156,,,,,,,
P06581,,,,,,,
P02416,,,,,,,
P03339,,,,,,,
P05654,,,,,,,
P08754,,,,,,,
P08597,,,,,,,
P05620,,,,,,,
P07050,,,,,,,
P05989,,,,,,,
P04597,,,,,,,
P03995,,,,,,,
P08602,,,,,,,
P00994,,,,,,,
P00836,,,,,,,
P01216,,,,,,,
P02109,,,,,,,
P04269,,,,,,,
P01760,,,,,,,
P05320,,,,,,,
P00204,,,,,,,
P00708,,,,,,,
P07487,,,,,,,
P02875,,,,,,,
P01629,,,,,,,
P08316,,,,,,,
P05371,,,,,,,
P07138,,,,,,,
P00109,,,,,,,
P00074,,,,,,,
P02551,,,,,,,
P03196,,,,,,,
P05960,,,,,,,
P03736,,,,,,,
P03926,,,,,,,
P07522,,,,,,,
P09322,,,,,,,
P01879,,,,,,,
P02997,,,,,,,
P00411,,,,,,,
P00877,,,,,,,
P01695,,,,,,,
P08455,,,,,,,
P03007,,,,,,,
P05710,,,,,,,
P04897,,,,,,,
P00832,,,,,,,
P04157,,,,,,,
P02711,,,,,,,
P02041,,,,,,,
P09366,,,,,,,
P06360,,,,,,,
P07659,,,,,,,
P01053,,,,,,,
P06533,,,,,,,
P07925,,,,,,,
P05243,,,,,,,
P00237,,,,,,,
P07457,,,,,,,
P07364,,,,,,,
P06464,,,,,,,
P08214,,,,,,,
P04294,,,,,,,
P07170,,,,,,,
P09462,,,,,,,
P02331,,,,,,,
P01949,,,,,,,
P02950,,,,,,,
P04887,,,,,,,
P05367,,,,,,,
P02759,,,,,,,
P09566,,,,,,,
P09368,,,,,,,
P00892,,,,,,,
P04171,,,,,,,
P00352,,,,,,,
P03485,,,,,,,
P03534,,,,,,,
P06311,,,,,,,
P03693,,,,,,,
P01155,,,,,,,
P04291,,,,,,,
P08373,,,,,,,
P07266,,,,,,,
P06656,,,,,,,
P08115,,,,,,,
P00134,,,,,,,
P04286,,,,,,,
P05418,,,,,,,
P06712,,,,,,,
P06808,,,,,,,
P05608,,,,,,,
P00150,,,,,,,
P02313,,,,,,,
P05251,,,,,,,
P04410,,,,,,,
P08205,,,,,,,
P00014,,,,,,,
P01888,,,,,,,
P04716,,,,,,,
P04134,,,,,,,
P05992,,,,,,,
P09059,,,,,,,
P07222,,,,,,,
P01624,,,,,,,
P03449,,,,,,,
P06449,,,,,,,
P06975,,,,,,,
P01875,,,,,,,
P01033,,,,,,,
P07623,,,,,,,
P00630,,,,,,,
P03626,,,,,,,
P00626,,,,,,,
P09760,,,,,,,
P05390,,,,,,,
P07904,,,,,,,
P06254,,,,,,,
P04768,,,,,,,
P07447,,,,,,,
P00391,,,,,,,
P08647,,,,,,,
P08442,,,,,,,
P06293,,,,,,,
P07662,,,,,,,
P08417,,,,,,,
P02330,,,,,,,
P00493,,,,,,,
P07325,,,,,,,
P08211,,,,,,,
P05729,,,,,,,
P00001,,,,,,,
P08254,,,,,,,
P02188,,,,,,,
P06445,,,,,,,
P07020,,,,,,,
P03543,,,,,,,
P02570,,,,,,,
P08984,,,,,,,
P09158,,,,,,,
P09545,,,,,,,
P09767,,,,,,,
P02771,,,,,,,
P09038,,,,,,,
P04549,,,,,,,
P09933,,,,,,,
P09539,,,,,,,
P02904,,,,,,,
P02838,,,,,,,
P07586,,,,,,,
P04938,,,,,,,
P05156,,,,,,,
P01880,,,,,,,
P01210,,,,,,,
P05691,,,,,,,
P01657,,,,,,,
P03549,,,,,,,
P03357,,,,,,,
P06358,,,,,,,
P05504,,,,,,,
P02099,,,,,,,
P03917,,,,,,,
P05611,,,,,,,
P08863,,,,,,,
P05940,,,,,,,
P09642,,,,,,,
P05699,,,,,,,
P00015,,,,,,,
P02363,,,,,,,
P00880,,,,,,,
P01942,,,,,,,
P01143,,,,,,,
P07562,,,,,,,
P00315,,,,,,,
P08575,,,,,,,
P01534,,,,,,,
P09559,,,,,,,
P00256,,,,,,,
P09902,,,,,,,
P00770,,,,,,,
P08419,,,,,,,
P04455,,,,,,,
P08079,,,,,,,
P07241,,,,,,,
P05450,,,,,,,
P02659,,,,,,,
P08816,,,,,,,
P06608,,,,,,,
P04833,,,,,,,
P07856,,,,,,,
P03958,,,,,,,
P05929,,,,,,,
P01541,,,,,,,
P01328,,,,,,,
P01545,,,,,,,
P06395,,,,,,,
P04641,,,,,,,
P06962,,,,,,,
P09793,,,,,,,
P01314,,,,,,,
P05936,,,,,,,
P08773,,,,,,,
P07067,,,,,,,
P08315,,,,,,,
P05932,,,,,,,
P07317,,,,,,,
P04200,,,,,,,
P01785,,,,,,,
P01903,,,,,,,
P08726,,,,,,,
P06346,,,,,,,
P08377,,,,,,,
P06815,,,,,,,
P04923,,,,,,,
P08660,,,,,,,
P04936,,,,,,,
P07066,,,,,,,
P04353,,,,,,,
P04720,,,,,,,
P03546,,,,,,,
P05835,,,,,,,
P02411,,,,,,,
P07424,,,,,,,
P04303,,,,,,,
P06944,,,,,,,
P07711,,,,,,,
P00562,,,,,,,
P05735,,,,,,,
P08860,,,,,,,
P04831,,,,,,,
P02609,,,,,,,
P01802,,,,,,,
P02141,,,,,,,
P02698,,,,,,,
P07414,,,,,,,
P02608,,,,,,,
P01275,,,,,,,
P02785,,,,,,,
P06432,,,,,,,
P03369,,,,,,,
P03168,,,,,,,
P01905,,,,,,,
P07293,,,,,,,
P01863,,,,,,,
P09357,,,,,,,
P02249,,,,,,,
P03739,,,,,,,
P03394,,,,,,,
P08504,,,,,,,
P02179,,,,,,,
P08968,,,,,,,
P07773,,,,,,,
P05110,,,,,,,
P05416,,,,,,,
P09675,,,,,,,
P07801,,,,,,,
P03012,,,,,,,
P07506,,,,,,,
P06959,,,,,,,
P05958,,,,,,,
P08576,,,,,,,
P05297,,,,,,,
P00413,,,,,,,
P03152,,,,,,,
P03875,,,,,,,
P02073,,,,,,,
P03841,,,,,,,
P05313,,,,,,,
P00829,,,,,,,
P00522,,,,,,,
P00028,,,,,,,
P06794,,,,,,,
P06880,,,,,,,
P00056,,,,,,,
P05306,,,,,,,
P01449,,,,,,,
P05471,,,,,,,
P09164,,,,,,,
P09257,,,,,,,
P02895,,,,,,,
P09023,,,,,,,
P03061,,,,,,,
P05094,,,,,,,
P07578,,,,,,,
P05083,,,,,,,
P00464,,,,,,,
P00960,,,,,,,
P07548,,,,,,,
P09475,,,,,,,
P06415,,,,,,,
P01520,,,,,,,
P01920,,,,,,,
P09305,,,,,,,
P04384,,,,,,,
P02334,,,,,,,
P05328,,,,,,,
P05629,,,,,,,
P08670,,,,,,,
P01231,,,,,,,
P03415,,,,,,,
P02952,,,,,,,
P05082,,,,,,,
P07620,,,,,,,
P01327,,,,,,,
P06733,,,,,,,
P01027,,,,,,,
P01321,,,,,,,
P02892,,,,,,,
P06165,,,,,,,
P05598,,,,,,,
P06068,,,,,,,
P02809,,,,,,,
P04941,,,,,,,
P07995,,,,,,,
P09026,,,,,,,
P03111,,,,,,,
P02499,,,,,,,
P01358,,,,,,,
P09585,,,,,,,
P05096,,,,,,,
P07781,,,,,,,
P04122,,,,,,,
P03730,,,,,,,
P04502,,,,,,,
P05510,,,,,,,
P01826,,,,,,,
P03376,,,,,,,
P08277,,,,,,,
P01381,,,,,,,
P05314,,,,,,,
P07460,,,,,,,
P07933,,,,,,,
P09524,,,,,,,
P09212,,,,,,,
P01502,,,,,,,
P02484,,,,,,,
P10024,,,,,,,
P03732,,,,,,,
P04087,,,,,,,
P04706,,,,,,,
P07661,,,,,,,
P01793,,,,,,,
P06943,,,,,,,
P05095,,,,,,,
P06316,,,,,,,
P06757,,,,,,,
P08788,,,,,,,
P02951,,,,,,,
P04762,,,,,,,
P03931,,,,,,,
P04482,,,,,,,
P04140,,,,,,,
P09344,,,,,,,
P09238,,,,,,,
P01782,,,,,,,
P06169,,,,,,,
P06223,,,,,,,
P05353,,,,,,,
P08756,,,,,,,
P04025,,,,,,,
P03165,,,,,,,
P05424,,,,,,,
P09592,,,,,,,
P05362,,,,,,,
P10021,,,,,,,
P07110,,,,,,,
P05242,,,,,,,
P02239,,,,,,,
P09715,,,,,,,
P00101,,,,,,,
P06255,,,,,,,
P05766,,,,,,,
P07353,,,,,,,
P03604,,,,,,,
P05276,,,,,,,
P05132,,,,,,,
P03202,,,,,,,
P01445,,,,,,,
P01234,,,,,,,
P01041,,,,,,,
P01856,,,,,,,
P07376,,,,,,,
P01590,,,,,,,
P00828,,,,,,,
P04816,,,,,,,
P02793,,,,,,,
P02513,,,,,,,
P06539,,,,,,,
P00192,,,,,,,
P06536,,,,,,,
P05263,,,,,,,
P01649,,,,,,,
P06337,,,,,,,
P05058,,,,,,,
P00491,,,,,,,
P02377,,,,,,,
P05680,,,,,,,
P00948,,,,,,,
P09993,,,,,,,
P05170,,,,,,,
P04098,,,,,,,
P06577,,,,,,,
P08451,,,,,,,
P08558,,,,,,,
P09070,,,,,,,
P06910,,,,,,,
P05284,,,,,,,
P00185,,,,,,,
P03738,,,,,,,
P02661,,,,,,,
P05136,,,,,,,
P07448,,,,,,,
P05052,,,,,,,
P02210,,,,,,,
P03752,,,,,,,
P05633,,,,,,,
P04334,,,,,,,
P05185,,,,,,,
P00081,,,,,,,
P03411,,,,,,,
P01606,,,,,,,
P08281,,,,,,,
P06036,,,,,,,
P05275,,,,,,,
P02857,,,,,,,
P06012,,,,,,,
P07117,,,,,,,
P07022,,,,,,,
P00461,,,,,,,
P06106,,,,,,,
P04352,,,,,,,
P06551,,,,,,,
P02567,,,,,,,
P08405,,,,,,,
P04651,,,,,,,
P02159,,,,,,,
P10015,,,,,,,
P02378,,,,,,,
P00388,,,,,,,
P05569,,,,,,,
P00593,,,,,,,
P08730,,,,,,,
P02764,,,,,,,
P04636,,,,,,,
P03332,,,,,,,
P08983,,,,,,,
P04948,,,,,,,
P02638,,,,,,,
P03660,,,,,,,
P04028,,,,,,,
P07267,,,,,,,
P02664,,,,,,,
P04999,,,,,,,
P03418,,,,,,,
P09101,,,,,,,
P09365,,,,,,,
P05010,,,,,,,
P03151,,,,,,,
P00176,,,,,,,
P04894,,,,,,,
P06623,,,,,,,
P07975,,,,,,,
P04968,,,,,,,
P00659,,,,,,,
P01096,,,,,,,
P05624,,,,,,,
P09541,,,,,,,
P04082,,,,,,,
P05833,,,,,,,
P07553,,,,,,,
P04388,,,,,,,
P07716,,,,,,,
P04319,,,,,,,
P02066,,,,,,,
P06984,,,,,,,
P03032,,,,,,,
P04046,,,,,,,
P00587,,,,,,,
P07024,,,,,,,
P09340,,,,,,,
P06676,,,,,,,
P09885,,,,,,,
P08784,,,,,,,
P00220,,,,,,,
P07629,,,,,,,
P00364,,,,,,,
P09512,,,,,,,
P01176,,,,,,,
P04870,,,,,,,
P01407,,,,,,,
P03929,,,,,,,
P06804,,,,,,,
P03597,,,,,,,
P09188,,,,,,,
P08865,,,,,,,
P06234,,,,,,,
P04509,,,,,,,
P08121,,,,,,,
P06343,,,,,,,
P09116,,,,,,,
P07152,,,,,,,
P04113,,,,,,,
P07613,,,,,,,
P04259,,,,,,,
P02968,,,,,,,
P04818,,,,,,,
P08177,,,,,,,
P02853,,,,,,,
P03949,,,,,,,
P06926,,,,,,,
P03796,,,,,,,
P09433,,,,,,,
P06571,,,,,,,
P01914,,,,,,,
P07239,,,,,,,
P09828,,,,,,,
P08610,,,,,,,
P01092,,,,,,,
P06144,,,,,,,
P01789,,,,,,,
P00516,,,,,,,
P08553,,,,,,,
P09192,,,,,,,
P05772,,,,,,,
P03037,,,,,,,
P08570,,,,,,,
P00585,,,,,,,
P06816,,,,,,,
P01401,,,,,,,
P00580,,,,,,,
P01559,,,,,,,
P01454,,,,,,,
P05431,,,,,,,
P00568,,,,,,,
P05957,,,,,,,
P05131,,,,,,,
P07833,,,,,,,
P08427,,,,,,,
P00977,,,,,,,
P05627,,,,,,,
P08108,,,,,,,
P03018,,,,,,,
P09387,,,,,,,
P00360,,,,,,,
P09871,,,,,,,
P09699,,,,,,,
P07576,,,,,,,
P02097,,,,,,,
P00394,,,,,,,
P02138,,,,,,,
P08330,,,,,,,
P06873,,,,,,,
P04869,,,,,,,
P05739,,,,,,,
P04683,,,,,,,
P09698,,,,,,,
P06482,,,,,,,
P06822,,,,,,,
P05157,,,,,,,
P05050,,,,,,,
P06899,,,,,,,
P09473,,,,,,,
P08348,,,,,,,
P02506,,,,,,,
P01480,,,,,,,
P02935,,,,,,,
P02749,,,,,,,
P07350,,,,,,,
P02512,,,,,,,
P01768,,,,,,,
P09798,,,,,,,
P04247,,,,,,,
P00535,,,,,,,
P00019,,,,,,,
P01862,,,,,,,
P04422,,,,,,,
P03232,,,,,,,
P07281,,,,,,,
P09970,,,,,,,
P08210,,,,,,,
P09643,,,,,,,
P02222,,,,,,,
P08383,,,,,,,
P04070,,,,,,,
P04398,,,,,,,
P05380,,,,,,,
P03633,,,,,,,
P08340,,,,,,,
P07171,,,,,,,
P00929,,,,,,,
P04617,,,,,,,
P08966,,,,,,,
P01270,,,,,,,
P07501,,,,,,,
P07768,,,,,,,
P07480,,,,,,,
P01172,,,,,,,
P02797,,,,,,,
P07806,,,,,,,
P00582,,,,,,,
P04006,,,,,,,
P08954,,,,,,,
P05948,,,,,,,
P04363,,,,,,,
P07404,,,,,,,
P01451,,,,,,,
P05237,,,,,,,
P09484,,,,,,,
P04385,,,,,,,
P01787,,,,,,,
P08025,,,,,,,
P08469,,,,,,,
P09549,,,,,,,
P06019,,,,,,,
P06227,,,,,,,
P04033,,,,,,,
P00637,,,,,,,
P02360,,,,,,,
P05408,,,,,,,
P09615,,,,,,,
P03142,,,,,,,
P05123,,,,,,,
P05078,,,,,,,
P05751,,,,,,,
P06630,,,,,,,
P04678,,,,,,,
P00695,,,,,,,
P07765,,,,,,,
P06332,,,,,,,
P08581,,,,,,,
P03690,,,,,,,
P01615,,,,,,,
P03901,,,,,,,
P06836,,,,,,,
P09434,,,,,,,
P06532,,,,,,,
P08969,,,,,,,
P08170,,,,,,,
P01900,,,,,,,
P02264,,,,,,,
P01477,,,,,,,
P05586,,,,,,,
P08069,,,,,,,
P00986,,,,,,,
P09507,,,,,,,
P09122,,,,,,,
P07332,,,,,,,
P07120,,,,,,,
P02437,,,,,,,
P03243,,,,,,,
P06974,,,,,,,
P01680,,,,,,,
P03792,,,,,,,
P06957,,,,,,,
P06634,,,,,,,
P00351,,,,,,,
P01123,,,,,,,
P04899,,,,,,,
P04994,,,,,,,
P00261,,,,,,,
P09603,,,,,,,
P01790,,,,,,,
P08560,,,,,,,
P09309,,,,,,,
P01298,,,,,,,
P00180,,,,,,,
P01166,,,,,,,
P08516,,,,,,,
P06919,,,,,,,
P01728,,,,,,,
P00281,,,,,,,
P09014,,,,,,,
P03608,,,,,,,
P00266,,,,,,,
P06606,,,,,,,
P06636,,,,,,,
P05657,,,,,,,
P06762,,,,,,,
P05501,,,,,,,
P01791,,,,,,,
P04147,,,,,,,
P05149,,,,,,,
P08152,,,,,,,
P01345,,,,,,,
P01998,,,,,,,
P05542,,,,,,,
P06518,,,,,,,
P03500,,,,,,,
P08226,,,,,,,
P03950,,,,,,,
P04839,,,,,,,
P00722,,,,,,,
P08047,,,,,,,
P00347,,,,,,,
P04625,,,,,,,
P03114,,,,,,,
P09392,,,,,,,
P03282,,,,,,,
P02219,,,,,,,
P04652,,,,,,,
P10016,,,,,,,
P04574,,,,,,,
P01911,,,,,,,
P04130,,,,,,,
P01846,,,,,,,
P07527,,,,,,,
P03836,,,,,,,
P00935,,,,,,,
P06912,,,,,,,
P00405,,,,,,,
P00745,,,,,,,
P04846,,,,,,,
P03934,,,,,,,
P09903,,,,,,,
P09299,,,,,,,
P06579,,,,,,,
P08140,,,,,,,
P04432,,,,,,,
P00110,,,,,,,
P02720,,,,,,,
P02135,,,,,,,
P09818,,,,,,,
P08888,,,,,,,
P03609,,,,,,,
P06990,,,,,,,
P03240,,,,,,,
P01501,,,,,,,
P04510,,,,,,,
P08054,,,,,,,
P00983,,,,,,,
P02798,,,,,,,
P01496,,,,,,,
P06492,,,,,,,
P02294,,,,,,,
P07391,,,,,,,
P01190,,,,,,,
P08841,,,,,,,
P09423,,,,,,,
P03270,,,,,,,
P02737,,,,,,,
P01455,,,,,,,
P03663,,,,,,,
P09663,,,,,,,
P09262,,,,,,,
P03248,,,,,,,
P02103,,,,,,,
P07973,,,,,,,
P01642,,,,,,,
P01904,,,,,,,
P06643,,,,,,,
P07495,,,,,,,
P02240,,,,,,,
P05697,,,,,,,
P00894,,,,,,,
P08312,,,,,,,
P06459,,,,,,,
P07897,,,,,,,
P09354,,,,,,,
P04244,,,,,,,
P07784,,,,,,,
P08326,,,,,,,
P03429,,,,,,,
P01162,,,,,,,
P00818,,,,,,,
P01897,,,,,,,
P01685,,,,,,,
P09756,,,,,,,
P08273,,,,,,,
P09879,,,,,,,
P04749,,,,,,,
P02966,,,,,,,
P02973,,,,,,,
P06478,,,,,,,
P03448,,,,,,,
P05342,,,,,,,
P05064,,,,,,,
P00649,,,,,,,
P00226,,,,,,,
P04649,,,,,,,
P01209,,,,,,,
P04518,,,,,,,
P06599,,,,,,,
P06369,,,,,,,
P01922,,,,,,,
P02636,,,,,,,
P05798,,,,,,,
P09534,,,,,,,
P00794,,,,,,,
P02238,,,,,,,
P09804,,,,,,,
P08028,,,,,,,
P06187,,,,,,,
P00412,,,,,,,
P08090,,,,,,,
P09649,,,,,,,
P01795,,,,,,,
P06266,,,,,,,
P03264,,,,,,,
P04297,,,,,,,
P02528,,,,,,,
P03724,,,,,,,
P03399,,,,,,,
P06847,,,,,,,
P00233,,,,,,,
P08554,,,,,,,
P04935,,,,,,,
P06900,,,,,,,
P03180,,,,,,,
P08707,,,,,,,
P04733,,,,,,,
P06236,,,,,,,
P09917,,,,,,,
P01523,,,,,,,
P00213,,,,,,,
P09213,,,,,,,
P03141,,,,,,,
P06810,,,,,,,
P05973,,,,,,,
P08564,,,,,,,
P04186,,,,,,,
P01692,,,,,,,
P03529,,,,,,,
P05819,,,,,,,
P01093,,,,,,,
P07580,,,,,,,
P05723,,,,,,,
P04389,,,,,,,
P03062,,,,,,,
P03678,,,,,,,
P01694,,,,,,,
P02568,,,,,,,
P07023,,,,,,,
P08593,,,,,,,
P04290,,,,,,,
P05709,,,,,,,
P07575,,,,,,,
P07988,,,,,,,
P03542,,,,,,,
P08080,,,,,,,
P04024,,,,,,,
P06953,,,,,,,
P04836,,,,,,,
P08875,,,,,,,
P00591,,,,,,,
P05392,,,,,,,
P04324,,,,,,,
P03831,,,,,,,
P06758,,,,,,,
P00987,,,,,,,
P06469,,,,,,,
P05909,,,,,,,
P02246,,,,,,,
P08659,,,,,,,
P02054,,,,,,,
P03753,,,,,,,
P01032,,,,,,,
P07331,,,,,,,
P08477,,,,,,,
P09338,,,,,,,
P06550,,,,,,,
P00918,,,,,,,
P04151,,,,,,,
P02861,,,,,,,
P08174,,,,,,,
P01460,,,,,,,
P07573,,,,,,,
P06761,,,,,,,
P05344,,,,,,,
P07249,,,,,,,
P09099,,,,,,,
P01598,,,,,,,
P07521,,,,,,,
P05384,,,,,,,
P04156,,,,,,,
P06499,,,,,,,
P04076,,,,,,,
P00978,,,,,,,
P00555,,,,,,,
P01150,,,,,,,
P01579,,,,,,,
P00602,,,,,,,
P00021,,,,,,,
P04742,,,,,,,
P09137,,,,,,,
P09264,,,,,,,
P03499,,,,,,,
P05469,,,,,,,
P02419,,,,,,,
P04073,,,,,,,
P07058,,,,,,,
P02843,,,,,,,
P04582,,,,,,,
P04534,,,,,,,
P04604,,,,,,,
P01660,,,,,,,
P08614,,,,,,,
P00397,,,,,,,
P08186,,,,,,,
P09149,,,,,,,
P02319,,,,,,,
P03044,,,,,,,
P09258,,,,,,,
P06684,,,,,,,
P05396,,,,,,,
P07340,,,,,,,
P07209,,,,,,,
P07150,,,,,,,
P02801,,,,,,,
P06936,,,,,,,
P00573,,,,,,,
P04988,,,,,,,
P01745,,,,,,,
P03455,,,,,,,
P01212,,,,,,,
P05818,,,,,,,
P05066,,,,,,,
P02291,,,,,,,
P00114,,,,,,,
P07258,,,,,,,
P09876,,,,,,,
P04051,,,,,,,
P09289,,,,,,,
P03026,,,,,,,
P06043,,,,,,,
P05810,,,,,,,
P09107,,,,,,,
P05658,,,,,,,
P05299,,,,,,,
P02450,,,,,,,
P05577,,,,,,,
P07588,,,,,,,
P02397,,,,,,,
P09734,,,,,,,
P00141,,,,,,,
P05230,,,,,,,
P04567,,,,,,,
P06786,,,,,,,
P03967,,,,,,,
P03081,,,,,,,
P04053,,,,,,,
P09186,,,,,,,
P05169,,,,,,,
P06838,,,,,,,
P07163,,,,,,,
P05502,,,,,,,
P02014,,,,,,,
P06298,,,,,,,
P04173,,,,,,,
P08552,,,,,,,
P02549,,,,,,,
P07189,,,,,,,
P09800,,,,,,,
P06511,,,,,,,
P09936,,,,,,,
P04448,,,,,,,
P06861,,,,,,,
P00400,,,,,,,
P06876,,,,,,,
P05520,,,,,,,
P05784,,,,,,,
P02944,,,,,,,
P08343,,,,,,,
P07598,,,,,,,
P03992,,,,,,,
P00005,,,,,,,
P06750,,,,,,,
P09888,,,,,,,
P05990,,,,,,,
P01925,,,,,,,
P03737,,,,,,,
P07961,,,,,,,
P02140,,,,,,,
P00010,,,,,,,
P07072,,,,,,,
P03421,,,,,,,
P00283,,,,,,,
P05261,,,,,,,
P01280,,,,,,,
P03614,,,,,,,
P09768,,,,,,,
P01154,,,,,,,
P02825,,,,,,,
P04522,,,,,,,
P05489,,,,,,,
P02321,,,,,,,
P03117,,,,,,,
P00901,,,,,,,
P04095,,,,,,,
P08127,,,,,,,
P01770,,,,,,,
P07769,,,,,,,
P00472,,,,,,,
P06784,,,,,,,
P06600,,,,,,,
P07051,,,,,,,
P05476,,,,,,,
P05987,,,,,,,
P06340,,,,,,,
P09606,,,,,,,
P08363,,,,,,,
P09991,,,,,,,
P00225,,,,,,,
P09068,,,,,,,
P00463,,,,,,,
P08781,,,,,,,
P09764,,,,,,,
P00092,,,,,,,
P07349,,,,,,,
P01009,,,,,,,
P09032,,,,,,,
P08562,,,,,,,
P00419,,,,,,,
P04239,,,,,,,
P09599,,,,,,,
P07253,,,,,,,
P06627,,,,,,,
P05740,,,,,,,
P09482,,,,,,,
P03154,,,,,,,
P03878,,,,,,,
P01507,,,,,,,
P04170,,,,,,,
P03417,,,,,,,
P05231,,,,,,,
P02862,,,,,,,
P00776,,,,,,,
P00305,,,,,,,
P00751,,,,,,,
P03091,,,,,,,
P01272,,,,,,,
P03694,,,,,,,
P01753,,,,,,,
P07454,,,,,,,
P07901,,,,,,,
P02177,,,,,,,
P05995,,,,,,,
P10012,,,,,,,
P05821,,,,,,,
P03762,,,,,,,
P03670,,,,,,,
P05190,,,,,,,
P07762,,,,,,,
P07891,,,,,,,
P01511,,,,,,,
P01363,,,,,,,
P05250,,,,,,,
P04159,,,,,,,
P02008,,,,,,,
P09033,,,,,,,
P01285,,,,,,,
P09422,,,,,,,
P02977,,,,,,,
P05870,,,,,,,
P06982,,,,,,,
P09379,,,,,,,
P05466,,,,,,,
P09802,,,,,,,
P04583,,,,,,,
P06789,,,,,,,
P09740,,,,,,,
P08503,,,,,,,
P03947,,,,,,,
P08482,,,,,,,
P07603,,,,,,,
P06374,,,,,,,
P00831,,,,,,,
P01646,,,,,,,
P09147,,,,,,,
P00891,,,,,,,
P01111,,,,,,,
P00450,,,,,,,
P01840,,,,,,,
P00093,,,,,,,
P06381,,,,,,,
P02596,,,,,,,
P05834,,,,,,,
P01699,,,,,,,
P07461,,,,,,,
P03911,,,,,,,
P06117,,,,,,,
P07100,,,,,,,
P02382,,,,,,,
P07570,,,,,,,
P01658,,,,,,,
P05098,,,,,,,
P02464,,,,,,,
P06978,,,,,,,
P07540,,,,,,,
P07507,,,,,,,
P04572,,,,,,,
P09020,,,,,,,
P04050,,,,,,,
P05790,,,,,,,
P09268,,,,,,,
P00895,,,,,,,
P04402,,,,,,,
P03279,,,,,,,
P00286,,,,,,,
P03925,,,,,,,
P00965,,,,,,,
P08696,,,,,,,
P05022,,,,,,,
P01583,,,,,,,
P00275,,,,,,,
P03976,,,,,,,
P04451,,,,,,,
P05059,,,,,,,
P03760,,,,,,,
P05612,,,,,,,
P07446,,,,,,,
P01278,,,,,,,
P05215,,,,,,,
P08267,,,,,,,
P06082,,,,,,,
P00546,,,,,,,
P07272,,,,,,,
P08208,,,,,,,
P07831,,,,,,,
P04236,,,,,,,
P02735,,,,,,,
P00212,,,,,,,
P01124,,,,,,,
P08220,,,,,,,
P02452,,,,,,,
P04307,,,,,,,
P04663,,,,,,,
P00374,,,,,,,
P07225,,,,,,,
P02748,,,,,,,
P08763,,,,,,,
P01735,,,,,,,
P06867,,,,,,,
P04038,,,,,,,
P06079,,,,,,,
P00327,,,,,,,
P04059,,,,,,,
P01678,,,,,,,
P02180,,,,,,,
P00190,,,,,,,
P09389,,,,,,,
P01723,,,,,,,
P02417,,,,,,,
P02533,,,,,,,
P08962,,,,,,,
P04530,,,,,,,
P06833,,,,,,,
P05846,,,,,,,
P03864,,,,,,,
P05432,,,,,,,
P00816,,,,,,,
P05897,,,,,,,
P07928,,,,,,,
P00858,,,,,,,
P04217,,,,,,,
P05495,,,,,,,
P09569,,,,,,,
P00919,,,,,,,
P02351,,,,,,,
P05743,,,,,,,
P06161,,,,,,,
P02899,,,,,,,
P09658,,,,,,,
P02796,,,,,,,
P05951,,,,,,,
P01570,,,,,,,
P02637,,,,,,,
P09347,,,,,,,
P04079,,,,,,,
P08838,,,,,,,
P05515,,,,,,,
P03675,,,,,,,
P04888,,,,,,,
P04976,,,,,,,
P00704,,,,,,,
P05636,,,,,,,
P02069,,,,,,,
P01950,,,,,,,
P02272,,,,,,,
P06066,,,,,,,
P04791,,,,,,,
P07978,,,,,,,
P09222,,,,,,,
P09845,,,,,,,
P03362,,,,,,,
P08232,,,,,,,
P01792,,,,,,,
P09098,,,,,,,
P07318,,,,,,,
P04584,,,,,,,
P01187,,,,,,,
P09001,,,,,,,
P00975,,,,,,,
P00082,,,,,,,
P04916,,,,,,,
P06913,,,,,,,
P03821,,,,,,,
P01179,,,,,,,
P00846,,,,,,,
P05696,,,,,,,
P01469,,,,,,,
P02690,,,,,,,
P02667,,,,,,,
P01589,,,,,,,
P05917,,,,,,,
P03323,,,,,,,
P07929,,,,,,,
P03511,,,,,,,
P04674,,,,,,,
P00234,,,,,,,
P07283,,,,,,,
P09443,,,,,,,
P02643,,,,,,,
P00035,,,,,,,
P09313,,,,,,,
P05726,,,,,,,
P07147,,,,,,,
P06046,,,,,,,
P05916,,,,,,,
P06467,,,,,,,
P06050,,,,,,,
P03198,,,,,,,
P09631,,,,,,,
P05774,,,,,,,
P03918,,,,,,,
P03745,,,,,,,
P08163,,,,,,,
P02463,,,,,,,
P03564,,,,,,,
P00796,,,,,,,
P03153,,,,,,,
P09018,,,,,,,
P00480,,,,,,,
P08361,,,,,,,
P02395,,,,,,,
P08102,,,,,,,
P09923,,,,,,,
P09382,,,,,,,
P05547,,,,,,,
P07400,,,,,,,
P06230,,,,,,,
P06248,,,,,,,
P06113,,,,,,,
P02146,,,,,,,
P05125,,,,,,,
P07009,,,,,,,
P02130,,,,,,,
P06458,,,,,,,
P02547,,,,,,,
P04885,,,,,,,
P02784,,,,,,,
P05486,,,,,,,
P05795,,,,,,,
P02435,,,,,,,
P03392,,,,,,,
P08145,,,,,,,
P07488,,,,,,,
P04951,,,,,,,
P08917,,,,,,,
P00362,,,,,,,
P05824,,,,,,,
P09005,,,,,,,
P03806,,,,,,,
P07949,,,,,,,
P09709,,,,,,,
P00747,,,,,,,
P09719,,,,,,,
P02108,,,,,,,
P03570,,,,,,,
P04009,,,,,,,
P05746,,,,,,,
P01703,,,,,,,
P02028,,,,,,,
P09952,,,,,,,
P02119,,,,,,,
P04670,,,,,,,
P04754,,,,,,,
P01927,,,,,,,
P03033,,,,,,,
P00541,,,,,,,
P06378,,,,,,,
P07514,,,,,,,
P01071,,,,,,,
P03912,,,,,,,
P07569,,,,,,,
P04012,,,,,,,
P01238,,,,,,,
P06167,,,,,,,
P08843,,,,,,,
P07803,,,,,,,
P04952,,,,,,,
P09013,,,,,,,
P07034,,,,,,,
P05575,,,,,,,
P08381,,,,,,,
P02898,,,,,,,
P03310,,,,,,,
P01319,,,,,,,
P02959,,,,,,,
P02061,,,,,,,
P04310,,,,,,,
P08508,,,,,,,
P06670,,,,,,,
P00486,,,,,,,
P07086,,,,,,,
P06211,,,,,,,
P01097,,,,,,,
P09622,,,,,,,
P08819,,,,,,,
P04614,,,,,,,
P09234,,,,,,,
P09274,,,,,,,
P00542,,,,,,,
P02527,,,,,,,
P09114,,,,,,,
P02223,,,,,,,
P03868,,,,,,,
P00122,,,,,,,
P07207,,,,,,,
P04950,,,,,,,
P02822,,,,,,,
P00242,,,,,,,
P05126,,,,,,,
P03090,,,,,,,
P02589,,,,,,,
P09905,,,,,,,
P00943,,,,,,,
P09737,,,,,,,
P00086,,,,,,,
P04926,,,,,,,
P02163,,,,,,,
P00401,,,,,,,
P08746,,,,,,,
P01000,,,,,,,
P08035,,,,,,,
P05796,,,,,,,
P03944,,,,,,,
P05749,,,,,,,
P09090,,,,,,,
P09206,,,,,,,
P03970,,,,,,,
P01102,,,,,,,
P08832,,,,,,,
P02009,,,,,,,
P02283,,,,,,,
P09837,,,,,,,
P00622,,,,,,,
P04686,,,,,,,
P04986,,,,,,,
P03021,,,,,,,
P07278,,,,,,,
P00759,,,,,,,
P08782,,,,,,,
P07911,,,,,,,
P01635,,,,,,,
P07139,,,,,,,
P09157,,,,,,,
P01408,,,,,,,
P02481,,,,,,,
P05025,,,,,,,
P00627,,,,,,,
P05662,,,,,,,
P09510,,,,,,,
P00042,,,,,,,
P02178,,,,,,,
P02617,,,,,,,
P08456,,,,,,,
P03271,,,,,,,
P05601,,,,,,,
P04206,,,,,,,
P00037,,,,,,,
P01281,,,,,,,
P02692,,,,,,,
P06589,,,,,,,
P05923,,,,,,,
P05348,,,,,,,
P06677,,,,,,,
P05543,,,,,,,
P00631,,,,,,,
P00768,,,,,,,
P04091,,,,,,,
P08764,,,,,,,
P04479,,,,,,,
P06300,,,,,,,
P09056,,,,,,,
P01528,,,,,,,
P01067,,,,,,,
P05752,,,,,,,
P06484,,,,,,,
P05576,,,,,,,
P03334,,,,,,,
P01697,,,,,,,
P07563,,,,,,,
P01566,,,,,,,
P00107,,,,,,,
P02215,,,,,,,
P06034,,,,,,,
P04185,,,,,,,
P03133,,,,,,,
P03103,,,,,,,
P00481,,,,,,,
P05056,,,,,,,
P07198,,,,,,,
P08506,,,,,,,
P00703,,,,,,,
P02299,,,,,,,
P03233,,,,,,,
P02110,,,,,,,
P08646,,,,,,,
P09653,,,,,,,
P09183,,,,,,,
P03187,,,,,,,
P04240,,,,,,,
P04016,,,,,,,
P01481,,,,,,,
P05485,,,,,,,
P01390,,,,,,,
P01475,,,,,,,
P01758,,,,,,,
P04426,,,,,,,
P00375,,,,,,,
P07031,,,,,,,
P09706,,,,,,,
P09315,,,,,,,
P02079,,,,,,,
P02476,,,,,,,
P01626,,,,,,,
P08989,,,,,,,
P04924,,,,,,,
P07178,,,,,,,
P00718,,,,,,,
P04712,,,,,,,
P01576,,,,,,,
P08055,,,,,,,
P06214,,,,,,,
P03158,,,,,,,
P08224,,,,,,,
P04145,,,,,,,
P08981,,,,,,,
P04682,,,,,,,
P07593,,,,,,,
P04406,,,,,,,
P03606,,,,,,,
P03281,,,,,,,
P06840,,,,,,,
P03436,,,,,,,
P00502,,,,,,,
P07484,,,,,,,
P01537,,,,,,,
P07127,,,,,,,
P05257,,,,,,,
P01738,,,,,,,
P01654,,,,,,,
P09944,,,,,,,
P09403,,,,,,,
P06588,,,,,,,
P07233,,,,,,,
P03147,,,,,,,
P04973,,,,,,,
P03954,,,,,,,
P03244,,,,,,,
P07817,,,,,,,
P08136,,,,,,,
P02657,,,,,,,
P07181,,,,,,,
P08178,,,,,,,
P06878,,,,,,,
P01878,,,,,,,
P04726,,,,,,,
P06083,,,,,,,
P09244,,,,,,,
P01266,,,,,,,
P01201,,,,,,,
P02434,,,,,,,
P05679,,,,,,,
P06179,,,,,,,
P06891,,,,,,,
P03493,,,,,,,
P09963,,,,,,,
P09207,,,,,,,
P07607,,,,,,,
P01974,,,,,,,
P06379,,,,,,,
P06181,,,,,,,
P01081,,,,,,,
P02591,,,,,,,
P03498,,,,,,,
P05063,,,,,,,
P04401,,,,,,,
P07475,,,,,,,
P03509,,,,,,,
P07361,,,,,,,
P07919,,,,,,,
P01239,,,,,,,
P09404,,,,,,,
P01943,,,,,,,
P08347,,,,,,,
P09996,,,,,,,
P06207,,,,,,,
P06654,,,,,,,
P05703,,,,,,,
P07319,,,,,,,
P00962,,,,,,,
P09237,,,,,,,
P09470,,,,,,,
P03023,,,,,,,
P00742,,,,,,,
P06122,,,,,,,
P05219,,,,,,,
P04369,,,,,,,
P05343,,,,,,,
P07984,,,,,,,
P06336,,,,,,,
P06813,,,,,,,
P09065,,,,,,,
P05646,,,,,,,
P02197,,,,,,,
P01147,,,,,,,
P01923,,,,,,,
P06780,,,,,,,
P07823,,,,,,,
P08422,,,,,,,
P09717,,,,,,,
P02755,,,,,,,
P05668,,,,,,,
P08228,,,,,,,
P05724,,,,,,,
P01827,,,,,,,
P09883,,,,,,,
P09419,,,,,,,
P04101,,,,,,,
P06401,,,,,,,
P03119,,,,,,,
P04057,,,,,,,
P09393,,,,,,,
P07134,,,,,,,
P04679,,,,,,,
P06104,,,,,,,
P06797,,,,,,,
P06123,,,,,,,
P09862,,,,,,,
P05523,,,,,,,
P03015,,,,,,,
P04472,,,,,,,
P06805,,,,,,,
P04507,,,,,,,
P04423,,,,,,,
P06767,,,,,,,
P07397,,,,,,,
P00097,,,,,,,
P01689,,,,,,,
P01971,,,,,,,
P01042,,,,,,,
P07881,,,,,,,
P04770,,,,,,,
P07893,,,,,,,
P03795,,,,,,,
P08015,,,,,,,
P06500,,,,,,,
P02364,,,,,,,
P06917,,,,,,,
P09384,,,,,,,
P03613,,,,,,,
P08005,,,,,,,
P08579,,,,,,,
P05813,,,,,,,
P05080,,,,,,,
P04280,,,,,,,
P06473,,,,,,,
P05221,,,,,,,
P06717,,,,,,,
P05145,,,,,,,
P08148,,,,,,,
P08621,,,,,,,
P00967,,,,,,,
P02013,,,,,,,
P00145,,,,,,,
P07686,,,,,,,
P08023,,,,,,,
P05330,,,,,,,
P00930,,,,,,,
P08585,,,,,,,
P03156,,,,,,,
P06692,,,,,,,
P05919,,,,,,,
P07793,,,,,,,
P04628,,,,,,,
P01431,,,,,,,
P00306,,,,,,,
P02945,,,,,,,
P05928,,,,,,,
P06244,,,,,,,
P07931,,,,,,,
P06666,,,,,,,
P00240,,,,,,,
P04227,,,,,,,
P08639,,,,,,,
P04447,,,,,,,
P00526,,,,,,,
P09211,,,,,,,
P05211,,,,,,,
P07546,,,,,,,
P06675,,,,,,,
P01193,,,,,,,
P05548,,,,,,,
P08290,,,,,,,
P03194,,,,,,,
P04931,,,,,,,
P06754,,,,,,,
P03603,,,,,,,
P01303,,,,,,,
P06119,,,,,,,
P08643,,,,,,,
P08412,,,,,,,
P06338,,,,,,,
P02022,,,,,,,
P05117,,,,,,,
P04125,,,,,,,
P00954,,,,,,,
P03719,,,,,,,
P04713,,,,,,,
P05927,,,,,,,
P07511,,,,,,,
P07033,,,,,,,
P03928,,,,,,,
P02971,,,,,,,
P00045,,,,,,,
P02956,,,,,,,
P05043,,,,,,,
P06529,,,,,,,
P09367,,,,,,,
P07509,,,,,,,
P04278,,,,,,,
P05496,,,,,,,
P01926,,,,,,,
P07692,,,,,,,
P05068,,,,,,,
P08179,,,,,,,
P04378,,,,,,,
P00105,,,,,,,
P09710,,,,,,,
P08820,,,,,,,
P02789,,,,,,,
P08644,,,,,,,
P01705,,,,,,,
P03397,,,,,,,
P06713,,,,,,,
P05029,,,,,,,
P06722,,,,,,,
P01873,,,,,,,
P10002,,,,,,,
P00847,,,,,,,
P09700,,,,,,,
P06440,,,,,,,
P06291,,,,,,,
P08071,,,,,,,
P06883,,,,,,,
P07737,,,,,,,
P02019,,,,,,,
P00520,,,,,,,
P05794,,,,,,,
P09372,,,,,,,
P04379,,,,,,,
P08390,,,,,,,
P06820,,,,,,,
P07449,,,,,,,
P03560,,,,,,,
P08016,,,,,,,
P06834,,,,,,,
P04695,,,,,,,
P07972,,,,,,,
P01157,,,,,,,
P07405,,,,,,,
P01720,,,,,,,
P06590,,,,,,,
P09817,,,,,,,
P09730,,,,,,,
P01226,,,,,,,
P08703,,,,,,,
P00882,,,,,,,
P00453,,,,,,,
P03368,,,,,,,
P00308,,,,,,,
P01148,,,,,,,
P03034,,,,,,,
P01439,,,,,,,
P07688,,,,,,,
P07982,,,,,,,
P01005,,,,,,,
P08284,,,,,,,
P07568,,,,,,,
P03589,,,,,,,
P07408,,,,,,,
P07992,,,,,,,
P03890,,,,,,,
P03916,,,,,,,
P08509,,,,,,,
P06030,,,,,,,
P07830,,,,,,,
P05853,,,,,,,
P02632,,,,,,,
P03598,,,,,,,
P04096,,,,,,,
P09011,,,,,,,
P09451,,,,,,,
P00396,,,,,,,
P02023,,,,,,,
P03842,,,,,,,
P02297,,,,,,,
P04040,,,,,,,
P06817,,,,,,,
P08979,,,,,,,
P09449,,,,,,,
P00687,,,,,,,
P01413,,,,,,,
P06509,,,,,,,
P05114,,,,,,,
P01569,,,,,,,
P06013,,,,,,,
P06501,,,,,,,
P08596,,,,,,,
P00002,,,,,,,
P04329,,,,,,,
P04371,,,,,,,
P06389,,,,,,,
P07401,,,,,,,
P09440,,,,,,,
P00560,,,,,,,
P02827,,,,,,,
P04856,,,,,,,
P07044,,,,,,,
P03676,,,,,,,
P02070,,,,,,,
P07057,,,,,,,
P04358,,,,,,,
P07529,,,,,,,
P06271,,,,,,,
P00342,,,,,,,
P05803,,,,,,,
P05840,,,,,,,
P06996,,,,,,,
P04785,,,,,,,
P01781,,,,,,,
P04957,,,,,,,
P02454,,,,,,,
P01354,,,,,,,
P09861,,,,,,,
P05883,,,,,,,
P00421,,,,,,,
P08912,,,,,,,
P06253,,,,,,,
P06285,,,,,,,
P02584,,,,,,,
P08311,,,,,,,
P09420,,,,,,,
P08269,,,,,,,
P02461,,,,,,,
P04126,,,,,,,
P06441,,,,,,,
P02887,,,,,,,
P05037,,,,,,,
P02946,,,,,,,
P04102,,,,,,,
P01772,,,,,,,
P07425,,,,,,,
P03063,,,,,,,
P07205,,,,,,,
P07440,,,,,,,
P03027,,,,,,,
P09441,,,,,,,
P06314,,,,,,,
P02165,,,,,,,
P01404,,,,,,,
P05685,,,,,,,
P08630,,,,,,,
P01850,,,,,,,
P05218,,,,,,,
P06756,,,,,,,
P04661,,,,,,,
P00108,,,,,,,
P05494,,,,,,,
P07082,,,,,,,
P01048,,,,,,,
P02520,,,,,,,
P08776,,,,,,,
P07074,,,,,,,
P01906,,,,,,,
P05144,,,,,,,
P08323,,,,,,,
P04946,,,,,,,
P04739,,,,,,,
P05675,,,,,,,
P00115,,,,,,,
P03207,,,,,,,
P00771,,,,,,,
P04834,,,,,,,
P05533,,,,,,,
P08155,,,,,,,
P04103,,,,,,,
P06954,,,,,,,
P08229,,,,,,,
P00607,,,,,,,
P09461,,,,,,,
P01350,,,,,,,
P00617,,,,,,,
P03342,,,,,,,
P03208,,,,,,,
P05762,,,,,,,
P05780,,,,,,,
P06058,,,,,,,
P06934,,,,,,,
P02147,,,,,,,
P01063,,,,,,,
P05552,,,,,,,
P07068,,,,,,,
P08310,,,,,,,
P04843,,,,,,,
P05467,,,,,,,
P02564,,,,,,,
P05002,,,,,,,
P09911,,,,,,,
P00658,,,,,,,
P06095,,,,,,,
P02660,,,,,,,
P03703,,,,,,,
P01931,,,,,,,
P00883,,,,,,,
P01119,,,,,,,
P02006,,,,,,,
P00871,,,,,,,
P07466,,,,,,,
P07111,,,,,,,
P05007,,,,,,,
P03829,,,,,,,
P00784,,,,,,,
P04492,,,,,,,
P08462,,,,,,,
P08971,,,,,,,
P07699,,,,,,,
P06317,,,,,,,
P04478,,,,,,,
P07845,,,,,,,
P00758,,,,,,,
P09632,,,,,,,
P09772,,,,,,,
P02418,,,,,,,
P02879,,,,,,,
P05249,,,,,,,
P01948,,,,,,,
P02531,,,,,,,
P00628,,,,,,,
P00665,,,,,,,
P02779,,,,,,,
P03577,,,,,,,
P09950,,,,,,,
P05373,,,,,,,
P02590,,,,,,,
P03755,,,,,,,
P05327,,,,,,,
P00720,,,,,,,
P03630,,,,,,,
P05864,,,,,,,
P06973,,,,,,,
P07218,,,,,,,
P04292,,,,,,,
P05004,,,,,,,
P01915,,,,,,,
P09077,,,,,,,
P08149,,,,,,,
P05602,,,,,,,
P06709,,,,,,,
P09639,,,,,,,
P02020,,,,,,,
P01170,,,,,,,
P03239,,,,,,,
P08577,,,,,,,
P02585,,,,,,,
P01360,,,,,,,
P03127,,,,,,,
P06131,,,,,,,
P09328,,,,,,,
P07500,,,,,,,
P09736,,,,,,,
P02123,,,,,,,
P07873,,,,,,,
P02052,,,,,,,
P05572,,,,,,,
P06854,,,,,,,
P06553,,,,,,,
P01375,,,,,,,
P00606,,,,,,,
P07520,,,,,,,
P09776,,,,,,,
P06130,,,,,,,
P01222,,,,,,,
P03253,,,,,,,
P06846,,,,,,,
P06835,,,,,,,
P04497,,,,,,,
P09503,,,,,,,
P06766,,,,,,,
P03185,,,,,,,
P04069,,,,,,,
P04734,,,,,,,
P03195,,,,,,,
P03526,,,,,,,
P03946,,,,,,,
P08459,,,,,,,
P06855,,,,,,,
P08700,,,,,,,
P05757,,,,,,,
P01564,,,,,,,
P01165,,,,,,,
P07836,,,,,,,
P00893,,,,,,,
P07788,,,,,,,
P03177,,,,,,,
P03167,,,,,,,
P04569,,,,,,,
P05308,,,,,,,
P09984,,,,,,,
P02332,,,,,,,
P02990,,,,,,,
P01382,,,,,,,
P06506,,,,,,,
P06344,,,,,,,
P08357,,,,,,,
P00312,,,,,,,
P00984,,,,,,,
P07713,,,,,,,
P06081,,,,,,,
P02029,,,,,,,
P05461,,,,,,,
P03053,,,,,,,
P09129,,,,,,,
P02234,,,,,,,
P07959,,,,,,,
P09928,,,,,,,
P03433,,,,,,,
P08325,,,,,,,
P06217,,,,,,,
P07782,,,,,,,
P05323,,,,,,,
P01836,,,,,,,
P03723,,,,,,,
P03084,,,,,,,
P06945,,,,,,,
P03043,,,,,,,
P08853,,,,,,,
P00392,,,,,,,
P03450,,,,,,,
P01080,,,,,,,
P03803,,,,,,,
P09965,,,,,,,
P06828,,,,,,,
P09937,,,,,,,
P03899,,,,,,,
P04465,,,,,,,
P03645,,,,,,,
P06573,,,,,,,
P08314,,,,,,,
P02689,,,,,,,
P01596,,,,,,,
P07612,,,,,,,
P00483,,,,,,,
P02758,,,,,,,
P07720,,,,,,,
P01082,,,,,,,
P04252,,,,,,,
P10028,,,,,,,
P01550,,,,,,,
P06719,,,,,,,
P02662,,,,,,,
P03895,,,,,,,
P00654,,,,,,,
P01279,,,,,,,
P00382,,,,,,,
P08571,,,,,,,
P06645,,,,,,,
P04221,,,,,,,
P00119,,,,,,,
P02873,,,,,,,
P04794,,,,,,,
P07333,,,,,,,
P01232,,,,,,,
P02322,,,,,,,
P07900,,,,,,,
P06045,,,,,,,
P06637,,,,,,,
P00473,,,,,,,
P04867,,,,,,,
P03819,,,,,,,
P09761,,,,,,,
P06791,,,,,,,
P04710,,,,,,,
P04550,,,,,,,
P04254,,,,,,,
P01516,,,,,,,
P07061,,,,,,,
P02220,,,,,,,
P01932,,,,,,,
P00378,,,,,,,
P02874,,,,,,,
P09947,,,,,,,
P08142,,,,,,,
P06321,,,,,,,
P01661,,,,,,,
P05444,,,,,,,
P01045,,,,,,,
P08197,,,,,,,
P03400,,,,,,,
P00448,,,,,,,
P03236,,,,,,,
P06071,,,,,,,
P01544,,,,,,,
P00298,,,,,,,
P09381,,,,,,,
P01866,,,,,,,
P07468,,,,,,,
P00852,,,,,,,
P02622,,,,,,,
P08787,,,,,,,
P07494,,,,,,,
P05053,,,,,,,
P01264,,,,,,,
P06770,,,,,,,
P02232,,,,,,,
P08697,,,,,,,
P05470,,,,,,,
P09855,,,,,,,
P01397,,,,,,,
P09901,,,,,,,
P02715,,,,,,,
P02580,,,,,,,
P04694,,,,,,,
P04470,,,,,,,
P01973,,,,,,,
P09000,,,,,,,
P00507,,,,,,,
P06527,,,,,,,
P03190,,,,,,,
P06186,,,,,,,
P03955,,,,,,,
P07273,,,,,,,
P05832,,,,,,,
P02306,,,,,,,
P04272,,,,,,,
P04118,,,,,,,
P06894,,,,,,,
P09712,,,,,,,
P01743,,,,,,,
P00803,,,,,,,
P06487,,,,,,,
P09882,,,,,,,
P01739,,,,,,,
P05321,,,,,,,
P04606,,,,,,,
P02702,,,,,,,
P07183,,,,,,,
P07518,,,,,,,
P00944,,,,,,,
P00889,,,,,,,
P07935,,,,,,,
P08009,,,,,,,
P04741,,,,,,,
P01159,,,,,,,
P05656,,,,,,,
P07103,,,,,,,
P03838,,,,,,,
P00709,,,,,,,
P04866,,,,,,,
P08062,,,,,,,
P06345,,,,,,,
P09073,,,,,,,
P07669,,,,,,,
P07478,,,,,,,
P07143,,,,,,,
P06612,,,,,,,
P05291,,,,,,,
P01937,,,,,,,
P08408,,,,,,,
P08099,,,,,,,
P04435,,,,,,,
P01623,,,,,,,
P09336,,,,,,,
P05186,,,,,,,
P03545,,,,,,,
P09281,,,,,,,
P06753,,,,,,,
P05236,,,,,,,
P06101,,,,,,,
P08615,,,,,,,
P05472,,,,,,,
P04605,,,,,,,
P08296,,,,,,,
P09590,,,,,,,
P06416,,,,,,,
P05272,,,,,,,
P00669,,,,,,,
P04100,,,,,,,
P03642,,,,,,,
P03343,,,,,,,
P09915,,,,,,,
P06741,,,,,,,
P03030,,,,,,,
P03751,,,,,,,
P05085,,,,,,,
P09576,,,,,,,
P08407,,,,,,,
P04132,,,,,,,
P00820,,,,,,,
P00941,,,,,,,
P05974,,,,,,,
P03058,,,,,,,
P06177,,,,,,,
P01088,,,,,,,
P05693,,,,,,,
P05556,,,,,,,
P01478,,,,,,,
P07826,,,,,,,
P00414,,,,,,,
P06559,,,,,,,
P01251,,,,,,,
P01989,,,,,,,
P03367,,,,,,,
P01135,,,,,,,
P09827,,,,,,,
P00301,,,,,,,
P01423,,,,,,,
P00022,,,,,,,
P06260,,,,,,,
P07011,,,,,,,
P06240,,,,,,,
P08777,,,,,,,
P01152,,,,,,,
P01601,,,,,,,
P02914,,,,,,,
P01020,,,,,,,
P08953,,,,,,,
P07819,,,,,,,
P05651,,,,,,,
P04930,,,,,,,
P07229,,,,,,,
P04114,,,,,,,
P03848,,,,,,,
P06967,,,,,,,
P01891,,,,,,,
P03230,,,,,,,
P03086,,,,,,,
P00371,,,,,,,
P01459,,,,,,,
P00479,,,,,,,
P05177,,,,,,,
P00508,,,,,,,
P08633,,,,,,,
P00610,,,,,,,
P05713,,,,,,,
P07868,,,,,,,
P02521,,,,,,,
P03356,,,,,,,
P09912,,,,,,,
P09856,,,,,,,
P02356,,,,,,,
P02792,,,,,,,
P05667,,,,,,,
P06865,,,,,,,
P02039,,,,,,,
P01429,,,,,,,
P03164,,,,,,,
P01821,,,,,,,
P02255,,,,,,,
P06723,,,,,,,
P02774,,,,,,,
P09945,,,,,,,
P01985,,,,,,,
P00583,,,,,,,
P01137,,,,,,,
P05771,,,,,,,
P01857,,,,,,,
P00705,,,,,,,
P01551,,,,,,,
P06018,,,,,,,
P05924,,,,,,,
P09136,,,,,,,
P09610,,,,,,,
P00004,,,,,,,
P07382,,,,,,,
P03492,,,,,,,
P09311,,,,,,,
P05970,,,,,,,
P09666,,,,,,,
P09697,,,,,,,
P09959,,,,,,,
P02842,,,,,,,
P04564,,,,,,,
P09243,,,,,,,
P02615,,,,,,,
P09439,,,,,,,
P01597,,,,,,,
P01734,,,,,,,
P03486,,,,,,,
P03840,,,,,,,
P06315,,,,,,,
P01267,,,,,,,
P02583,,,,,,,
P03317,,,,,,,
P04238,,,,,,,
P02824,,,,,,,
P03932,,,,,,,
P01849,,,,,,,
P04591,,,,,,,
P08926,,,,,,,
P04503,,,,,,,
P09971,,,,,,,
P02818,,,,,,,
P01395,,,,,,,
P07231,,,,,,,
P00246,,,,,,,
P08859,,,,,,,
P07637,,,,,,,
P01056,,,,,,,
P00896,,,,,,,
P01160,,,,,,,
P02401,,,,,,,
P04416,,,,,,,
P03904,,,,,,,
P04722,,,,,,,
P07722,,,,,,,
P04138,,,,,,,
P01196,,,,,,,
P05963,,,,,,,
P06100,,,,,,,
P08476,,,,,,,
P09078,,,,,,,
P09550,,,,,,,
P07312,,,,,,,
P07739,,,,,,,
P07164,,,,,,,
P01824,,,,,,,
P04477,,,,,,,
P04471,,,,,,,
P06803,,,,,,,
P05535,,,,,,,
P07709,,,,,,,
P06597,,,,,,,
P00532,,,,,,,
P04439,,,,,,,
P06850,,,,,,,
P09692,,,,,,,
P00127,,,,,,,
P00494,,,,,,,
P06004,,,,,,,
P03898,,,,,,,
P01796,,,,,,,
P09250,,,,,,,
P03714,,,,,,,
P03128,,,,,,,
P01495,,,,,,,
P09992,,,,,,,
P04793,,,,,,,
P03223,,,,,,,
P08634,,,,,,,
P00482,,,,,,,
P04212,,,,,,,
P06688,,,,,,,
P08169,,,,,,,
P09777,,,,,,,
P08188,,,,,,,
P06057,,,,,,,
P02943,,,,,,,
P02355,,,,,,,
P08970,,,,,,,
P04333,,,,,,,
P04920,,,,,,,
P00825,,,,,,,
P07667,,,,,,,
P03532,,,,,,,
P08902,,,,,,,
P09407,,,,,,,
P00151,,,,,,,
P06121,,,,,,,
P08246,,,,,,,
P02083,,,,,,,
P05702,,,,,,,
P04914,,,,,,,
P05944,,,,,,,
P05182,,,,,,,
P00917,,,,,,,
P08905,,,,,,,
P07993,,,,,,,
P04190,,,,,,,
P04942,,,,,,,
P04163,,,,,,,
P06703,,,,,,,
P06279,,,,,,,
P08561,,,,,,,
P05715,,,,,,,
P00615,,,,,,,
P08690,,,,,,,
P01153,,,,,,,
P00498,,,,,,,
P09830,,,,,,,
P02076,,,,,,,
P03797,,,,,,,
P04533,,,,,,,
P03505,,,,,,,
P02597,,,,,,,
P07798,,,,,,,
P04031,,,,,,,
P07247,,,,,,,
P09841,,,,,,,
P08822,,,,,,,
P03258,,,,,,,
P01236,,,,,,,
P08868,,,,,,,
P06453,,,,,,,
P01892,,,,,,,
P02763,,,,,,,
P03522,,,,,,,
P07682,,,,,,,
P03985,,,,,,,
P03805,,,,,,,
P08584,,,,,,,
P06334,,,,,,,
P09027,,,,,,,
P04107,,,,,,,
P03617,,,,,,,
P08086,,,,,,,
P08895,,,,,,,
P09743,,,,,,,
P05381,,,,,,,
P08268,,,,,,,
P00147,,,,,,,
P06837,,,,,,,
P06514,,,,,,,
P05107,,,,,,,
P07948,,,,,,,
P01535,,,,,,,
P03654,,,,,,,
P05197,,,,,,,
P04271,,,,,,,
P05213,,,,,,,
P02288,,,,,,,
P09256,,,,,,,
P00144,,,,,,,
P10005,,,,,,,
P07574,,,,,,,
P08014,,,,,,,
P01443,,,,,,,
P02537,,,,,,,
P07647,,,,,,,
P05363,,,,,,,
P01714,,,,,,,
P08642,,,,,,,
P03897,,,,,,,
P01315,,,,,,,
P02352,,,,,,,
P04446,,,,,,,
P06325,,,,,,,
P06631,,,,,,,
P09932,,,,,,,
P01964,,,,,,,
P02631,,,,,,,
P05604,,,,,,,
P06724,,,,,,,
P00316,,,,,,,
P06303,,,,,,,
P09964,,,,,,,
P05354,,,,,,,
P00087,,,,,,,
P04622,,,,,,,
P04515,,,,,,,
P09910,,,,,,,
P00043,,,,,,,
P00188,,,,,,,
P06448,,,,,,,
P02498,,,,,,,
P01687,,,,,,,
P00331,,,,,,,
P00402,,,,,,,
P03981,,,,,,,
P05705,,,,,,,
P03071,,,,,,,
P04723,,,,,,,
P01203,,,,,,,
P04681,,,,,,,
P09939,,,,,,,
P09533,,,,,,,
P06521,,,,,,,
P00264,,,,,,,
P09230,,,,,,,
P02472,,,,,,,
P06924,,,,,,,
P09620,,,,,,,
P03930,,,,,,,
P00072,,,,,,,
P02478,,,,,,,
P04494,,,,,,,
P05113,,,,,,,
P01030,,,,,,,
P01991,,,,,,,
P07592,,,,,,,
P03747,,,,,,,
P01022,,,,,,,
P03446,,,,,,,
P07841,,,,,,,
P05287,,,,,,,
P00621,,,,,,,
P06481,,,,,,,
P03572,,,,,,,
P07192,,,,,,,
P05488,,,,,,,
P08386,,,,,,,
P05409,,,,,,,
P03887,,,,,,,
P06434,,,,,,,
P07672,,,,,,,
P06222,,,,,,,
P09899,,,,,,,
P07337,,,,,,,
P06596,,,,,,,
P03304,,,,,,,
P00280,,,,,,,
P02640,,,,,,,
P01076,,,,,,,
P07990,,,,,,,
P01090,,,,,,,
P06007,,,,,,,
P05912,,,,,,,
P07842,,,,,,,
P04892,,,,,,,
P06738,,,,,,,
P06625,,,,,,,
P06077,,,,,,,
P05888,,,,,,,
P09513,,,,,,,
P03216,,,,,,,
P04524,,,,,,,
P09572,,,,,,,
P00018,,,,,,,
P02218,,,,,,,
P09775,,,,,,,
P05232,,,,,,,
P09046,,,,,,,
P07473,,,,,,,
P04458,,,,,,,
P03311,,,,,,,
P07327,,,,,,,
P01883,,,,,,,
P08391,,,,,,,
P09940,,,,,,,
P08063,,,,,,,
P07800,,,,,,,
P03909,,,,,,,
P09555,,,,,,,
P06879,,,,,,,
P09554,,,,,,,
P07069,,,,,,,
P07135,,,,,,,
P02907,,,,,,,
P07950,,,,,,,
P03776,,,,,,,
P06901,,,,,,,
P05205,,,,,,,
P08852,,,,,,,
P08651,,,,,,,
P08890,,,,,,,
P07380,,,,,,,
P07128,,,,,,,
P04737,,,,,,,
P05837,,,,,,,
P06856,,,,,,,
P04131,,,,,,,
P06196,,,,,,,
P00638,,,,,,,
P00032,,,,,,,
P04086,,,,,,,
P01025,,,,,,,
P08749,,,,,,,
P01983,,,,,,,
P01810,,,,,,,
P05375,,,,,,,
P04228,,,,,,,
P07084,,,,,,,
P06993,,,,,,,
P06133,,,,,,,
P02459,,,,,,,
P05087,,,,,,,
P05827,,,,,,,
P08663,,,,,,,
P02105,,,,,,,
P09327,,,,,,,
P08042,,,,,,,
P08154,,,,,,,
P01370,,,,,,,
P00289,,,,,,,
P00756,,,,,,,
P08566,,,,,,,
P08091,,,,,,,
P07684,,,,,,,
P06864,,,,,,,
P09685,,,,,,,
P07250,,,,,,,
P05886,,,,,,,
P09295,,,,,,,
P07005,,,,,,,
P05759,,,,,,,
P01353,,,,,,,
P02524,,,,,,,
P02151,,,,,,,
P03996,,,,,,,
P06947,,,,,,,
P00906,,,,,,,
P00322,,,,,,,
P08812,,,,,,,
P09179,,,,,,,
P01241,,,,,,,
P08293,,,,,,,
P02198,,,,,,,
P06339,,,,,,,
P09929,,,,,,,
P09621,,,,,,,
P06319,,,,,,,
P01446,,,,,,,
P03661,,,,,,,
P04943,,,,,,,
P06663,,,,,,,
P07002,,,,,,,
P01061,,,,,,,
P07541,,,,,,,
P01525,,,,,,,
P04929,,,,,,,
P06016,,,,,,,
P00186,,,,,,,
P09047,,,,,,,
P00632,,,,,,,
P01593,,,,,,,
P08033,,,,,,,
P02554,,,,,,,
P01844,,,,,,,
P07341,,,,,,,
P03574,,,,,,,
P07862,,,,,,,
P03001,,,,,,,
P00048,,,,,,,
P01965,,,,,,,
P07451,,,,,,,
P06138,,,,,,,
P06583,,,,,,,
P08085,,,,,,,
P01670,,,,,,,
P00692,,,,,,,
P07865,,,,,,,
P01181,,,,,,,
P01709,,,,,,,
P06814,,,,,,,
P08662,,,,,,,
P09571,,,,,,,
P06318,,,,,,,
P08227,,,,,,,
P05134,,,,,,,
P02562,,,,,,,
P06145,,,,,,,
P09054,,,,,,,
P08313,,,,,,,
P01762,,,,,,,
P03939,,,,,,,
P01318,,,,,,,
P00697,,,,,,,
P09999,,,,,,,
P00501,,,,,,,
P05736,,,,,,,
P01145,,,,,,,
P05152,,,,,,,
P07080,,,,,,,
P03779,,,,,,,
P09575,,,,,,,
P01149,,,,,,,
P02634,,,,,,,
P05584,,,,,,,
P03286,,,,,,,
P05915,,,,,,,
P03144,,,,,,,
P06641,,,,,,,
P00525,,,,,,,
P09399,,,,,,,
P09980,,,,,,,
P09946,,,,,,,
P05655,,,,,,,
P08802,,,,,,,
P05017,,,,,,,
P09300,,,,,,,
P08931,,,,,,,
P09182,,,,,,,
P07133,,,,,,,
P04178,,,,,,,
P05067,,,,,,,
P04275,,,,,,,
P01312,,,,,,,
P06188,,,,,,,
P08771,,,,,,,
P08743,,,,,,,
P00874,,,,,,,
P06001,,,,,,,
P00857,,,,,,,
P00118,,,,,,,
P08356,,,,,,,
P02096,,,,,,,
P08513,,,,,,,
P01499,,,,,,,
P07462,,,,,,,
P00039,,,,,,,
P04088,,,,,,,
P08309,,,,,,,
P05904,,,,,,,
P07104,,,,,,,
P05885,,,,,,,
P05920,,,,,,,
P08857,,,,,,,
P02684,,,,,,,
P04288,,,,,,,
P07840,,,,,,,
P07099,,,,,,,
P00245,,,,,,,
P07029,,,,,,,
P03519,,,,,,,
P01628,,,,,,,
P03235,,,,,,,
P09809,,,,,,,
P03386,,,,,,,
P02477,,,,,,,
P09043,,,,,,,
P01835,,,,,,,
P06904,,,,,,,
P00963,,,,,,,
P02156,,,,,,,
P00006,,,,,,,
P02579,,,,,,,
P01158,,,,,,,
P03494,,,,,,,
P00642,,,,,,,
P05867,,,,,,,
P03812,,,,,,,
P02858,,,,,,,
P05926,,,,,,,
P09733,,,,,,,
P03979,,,,,,,
P06593,,,,,,,
P03720,,,,,,,
P06895,,,,,,,
P08740,,,,,,,
P03656,,,,,,,
P04551,,,,,,,
P02436,,,,,,,
P09307,,,,,,,
P01952,,,,,,,
P02047,,,,,,,
P07567,,,,,,,
P07417,,,,,,,
P10032,,,,,,,
P01133,,,,,,,
P05686,,,,,,,
P05160,,,,,,,
P09394,,,,,,,
P04077,,,,,,,
P00839,,,,,,,
P05014,,,,,,,
P06143,,,,,,,
P08891,,,,,,,
P07338,,,,,,,
P09396,,,,,,,
P02649,,,,,,,
P06747,,,,,,,
P00863,,,,,,,
P06728,,,,,,,
P07025,,,,,,,
P01617,,,,,,,
P07654,,,,,,,
P04804,,,,,,,
P04298,,,,,,,
P09314,,,,,,,
P02995,,,,,,,
P00034,,,,,,,
P03808,,,,,,,
P09031,,,,,,,
P04504,,,,,,,
P05616,,,,,,,
P03715,,,,,,,
P08206,,,,,,,
P03183,,,,,,,
P02102,,,,,,,
P04753,,,,,,,
P01046,,,,,,,
P01618,,,,,,,
P07007,,,,,,,
P04944,,,,,,,
P00058,,,,,,,
P01713,,,,,,,
P08209,,,,,,,
P02268,,,,,,,
P06136,,,,,,,
P02169,,,,,,,
P00132,,,,,,,
P05946,,,,,,,
P01933,,,,,,,
P09304,,,,,,,
P00278,,,,,,,
P06681,,,,,,,
P01668,,,,,,,
P09985,,,,,,,
P00813,,,,,,,
P03136,,,,,,,
P09601,,,,,,,
P01362,,,,,,,
P08894,,,,,,,
P04357,,,,,,,
P08896,,,,,,,
P04992,,,,,,,
P04786,,,,,,,
P00505,,,,,,,
P06806,,,,,,,
P03601,,,,,,,
P06812,,,,,,,
P08141,,,,,,,
P08656,,,,,,,
P09386,,,,,,,
P03497,,,,,,,
P09102,,,,,,,
P04355,,,,,,,
P06003,,,,,,,
P07732,,,,,,,
P02820,,,,,,,
P03378,,,,,,,
P09618,,,,,,,
P06489,,,,,,,
P09782,,,,,,,
P05605,,,,,,,
P07839,,,,,,,
P04807,,,,,,,
P04844,,,,,,,
P09619,,,,,,,
P03348,,,,,,,
P00139,,,,,,,
P06072,,,,,,,
P06472,,,,,,,
P07758,,,,,,,
P00279,,,,,,,
P02276,,,,,,,
P08418,,,,,,,
P09141,,,,,,,
P10007,,,,,,,
P04216,,,,,,,
P03573,,,,,,,
P04164,,,,,,,
P05224,,,,,,,
P04627,,,,,,,
P07118,,,,,,,
P09134,,,,,,,
P09956,,,,,,,
P08030,,,,,,,
P01099,,,,,,,
P05777,,,,,,,
P07366,,,,,,,
P02532,,,,,,,
P06929,,,,,,,
P00528,,,,,,,
P02050,,,,,,,
P00143,,,,,,,
P04514,,,,,,,
P04376,,,,,,,
P08907,,,,,,,
P09591,,,,,,,
P00027,,,,,,,
P01747,,,,,,,
P07113,,,,,,,
P06475,,,,,,,
P04260,,,,,,,
P02674,,,,,,,
P08826,,,,,,,
P04029,,,,,,,
P02710,,,,,,,
P03849,,,,,,,
P06127,,,,,,,
P05191,,,,,,,
P06185,,,,,,,
P05910,,,,,,,
P04639,,,,,,,
P02817,,,,,,,
P05506,,,,,,,
P06749,,,,,,,
P01513,,,,,,,
P02695,,,,,,,
P05591,,,,,,,
P09235,,,,,,,
P00272,,,,,,,
P07174,,,,,,,
P05386,,,,,,,
P05880,,,,,,,
P02082,,,,,,,
P07196,,,,,,,
P05861,,,,,,,
P04483,,,,,,,
P07277,,,,,,,
P01526,,,,,,,
P02744,,,,,,,
P05959,,,,,,,
P06601,,,,,,,
P01777,,,,,,,
P03337,,,,,,,
P08751,,,,,,,
P03689,,,,,,,
P06540,,,,,,,
P04277,,,,,,,
P09573,,,,,,,
P01243,,,,,,,
P01558,,,,,,,
P06732,,,,,,,
P00913,,,,,,,
P07875,,,,,,,
P03166,,,,,,,
P07339,,,,,,,
P09778,,,,,,,
P04668,,,,,,,
P08849,,,,,,,
P07142,,,,,,,
P01482,,,,,,,
P03384,,,,,,,
P08824,,,,,,,
P09526,,,,,,,
P04066,,,,,,,
P04274,,,,,,,
P06668,,,,,,,
P09388,,,,,,,
P04348,,,,,,,
P03473,,,,,,,
P02960,,,,,,,
P02453,,,,,,,
P02398,,,,,,,
P07954,,,,,,,
P02482,,,,,,,
P00510,,,,,,,
P01468,,,,,,,
P08530,,,,,,,
P01613,,,,,,,
P06452,,,,,,,
P03811,,,,,,,
P07779,,,,,,,
P00047,,,,,,,
P01108,,,,,,,
P01346,,,,,,,
P03087,,,,,,,
P01282,,,,,,,
P08236,,,,,,,
P08352,,,,,,,
P09894,,,,,,,
P03847,,,,,,,
P02473,,,,,,,
P01636,,,,,,,
P00063,,,,,,,
P08038,,,,,,,
P00135,,,,,,,
P02412,,,,,,,
P08458,,,,,,,
P00702,,,,,,,
P07951,,,,,,,
P03255,,,,,,,
P05040,,,,,,,
P04168,,,,,,,
P07917,,,,,,,
P02269,,,,,,,
P04711,,,,,,,
P08265,,,,,,,
P08184,,,,,,,
P09890,,,,,,,
P06351,,,,,,,
P07635,,,,,,,
P07910,,,,,,,
P08569,,,,,,,
P08677,,,,,,,
P02192,,,,,,,
P06694,,,,,,,
P08191,,,,,,,
P03622,,,,,,,
P08430,,,,,,,
P06862,,,,,,,
P05459,,,,,,,
P01488,,,,,,,
P07141,,,,,,,
P00445,,,,,,,
P03219,,,,,,,
P02458,,,,,,,
P09371,,,,,,,
P03178,,,,,,,
P00552,,,,,,,
P07967,,,,,,,
P04123,,,,,,,
P05280,,,,,,,
P07714,,,,,,,
P04715,,,,,,,
P08682,,,,,,,
P01083,,,,,,,
P07275,,,,,,,
P09864,,,,,,,
P07600,,,,,,,
P00749,,,,,,,
P00007,,,,,,,
P04610,,,,,,,
P07004,,,,,,,
P06159,,,,,,,
P08568,,,,,,,
P03837,,,,,,,
P01997,,,,,,,
P00073,,,,,,,
P08339,,,,,,,
P06735,,,,,,,
P08493,,,,,,,
P09514,,,,,,,
P06476,,,,,,,
P09870,,,,,,,
P04566,,,,,,,
P00529,,,,,,,
P08322,,,,,,,
P09703,,,,,,,
P02348,,,,,,,
P05567,,,,,,,
P04182,,,,,,,
P00958,,,,,,,
P04984,,,,,,,
P05121,,,,,,,
P00112,,,,,,,
P00384,,,,,,,
P02693,,,,,,,
P03684,,,,,,,
P04729,,,,,,,
P06638,,,,,,,
P01634,,,,,,,
P00635,,,,,,,
P01504,,,,,,,
P01402,,,,,,,
P05621,,,,,,,
P00848,,,,,,,
P00824,,,,,,,
P05239,,,,,,,
P09593,,,,,,,
P00441,,,,,,,
P04266,,,,,,,
P01573,,,,,,,
P03171,,,,,,,
P03927,,,,,,,
P08000,,,,,,,
P09898,,,,,,,
P02534,,,,,,,
P07156,,,,,,,
P00598,,,,,,,
P08565,,,,,,,
P02057,,,,,,,
P01538,,,,,,,
P06690,,,,,,,
P00377,,,,,,,
P08800,,,,,,,
P05666,,,,,,,
P00050,,,,,,,
P01522,,,,,,,
P07371,,,,,,,
P07774,,,,,,,
P06225,,,,,,,
P07742,,,,,,,
P01087,,,,,,,
P01132,,,,,,,
P02775,,,,,,,
P08711,,,,,,,
P01987,,,,,,,
P09536,,,,,,,
P07668,,,,,,,
P00149,,,,,,,
P03078,,,,,,,
P04593,,,,,,,
P08792,,,,,,,
P08411,,,,,,,
P06075,,,,,,,
P02529,,,,,,,
P07435,,,,,,,
P06141,,,,,,,
P07221,,,,,,,
P09203,,,,,,,
P00052,,,,,,,
P00517,,,,,,,
P09941,,,,,,,
P06202,,,,,,,
P03527,,,,,,,
P05590,,,,,,,
P02317,,,,,,,
P03465,,,,,,,
P07869,,,,,,,
P06191,,,,,,,
P06424,,,,,,,
P08720,,,,,,,
P09751,,,,,,,
P04809,,,,,,,
P04198,,,,,,,
P01484,,,,,,,
P02114,,,,,,,
P01861,,,,,,,
P01616,,,,,,,
P08588,,,,,,,
P03987,,,,,,,
P06652,,,,,,,
P04760,,,,,,,
P08964,,,,,,,
P06037,,,,,,,
P03710,,,,,,,
P08088,,,,,,,
P00951,,,,,,,
P05347,,,,,,,
P09654,,,,,,,
P03625,,,,,,,
P09497,,,,,,,
P02092,,,,,,,
P06893,,,,,,,
P06844,,,,,,,
P09874,,,,,,,
P09537,,,,,,,
P07101,,,,,,,
P00196,,,,,,,
P03825,,,,,,,
P06460,,,,,,,
P00443,,,,,,,
P01982,,,,,,,
P02367,,,,,,,
P06650,,,,,,,
P07676,,,,,,,
P06035,,,,,,,
P08230,,,,,,,
P09170,,,,,,,
P08582,,,,,,,
P03074,,,,,,,
P06727,,,,,,,
P04332,,,,,,,
P05573,,,,,,,
P02644,,,,,,,
P06582,,,,,,,
P05700,,,,,,,
P08924,,,,,,,
P01254,,,,,,,
P07550,,,,,,,
P03845,,,,,,,
P01783,,,,,,,
P09881,,,,,,,
P07640,,,,,,,
P02679,,,,,,,
P06040,,,,,,,
P03458,,,,,,,
P04485,,,,,,,
P01674,,,,,,,
P03182,,,,,,,
P02012,,,,,,,
P05005,,,,,,,
P01542,,,,,,,
P02172,,,,,,,
P06886,,,,,,,
P09551,,,,,,,
P04119,,,,,,,
P06793,,,,,,,
P08018,,,,,,,
P08031,,,,,,,
P03138,,,,,,,
P09395,,,,,,,
P07445,,,,,,,
P01043,,,,,,,
P05712,,,,,,,
P01582,,,,,,,
P00253,,,,,,,
P01122,,,,,,,
P07089,,,,,,,
P06512,,,,,,,
P00651,,,,,,,
P00530,,,,,,,
P01671,,,,,,,
P04229,,,,,,,
P07634,,,,,,,
P08190,,,,,,,
P09074,,,,,,,
P08244,,,,,,,
P02030,,,,,,,
P08793,,,,,,,
P00856,,,,,,,
P02565,,,,,,,
P08835,,,,,,,
P07622,,,,,,,
P05698,,,,,,,
P05425,,,,,,,
P00221,,,,,,,
P04697,,,,,,,
P08947,,,,,,,
P07330,,,,,,,
P09687,,,,,,,
P02048,,,,,,,
P01813,,,,,,,
P09904,,,,,,,
P09531,,,,,,,
P00133,,,,,,,
P07049,,,,,,,
P01384,,,,,,,
P09418,,,,,,,
P08612,,,,,,,
P03959,,,,,,,
P04826,,,,,,,
P02920,,,,,,,
P07850,,,,,,,
P03846,,,,,,,
P06067,,,,,,,
P04141,,,,,,,
P08318,,,,,,,
P00653,,,,,,,
P01024,,,,,,,
P08251,,,,,,,
P06049,,,,,,,
P03065,,,,,,,
P02344,,,,,,,
P08604,,,,,,,
P08617,,,,,,,
P09791,,,,,,,
P01017,,,,,,,
P05549,,,,,,,
P00518,,,,,,,
P01028,,,,,,,
P06020,,,,,,,
P02293,,,,,,,
P02062,,,,,,,
P07508,,,,,,,
P06092,,,,,,,
P00706,,,,,,,
P08990,,,,,,,
P07075,,,,,,,
P04428,,,,,,,
P08710,,,,,,,
P07846,,,,,,,
P06073,,,,,,,
P02933,,,,,,,
P00317,,,,,,,
P04516,,,,,,,
P00429,,,,,,,
P07379,,,,,,,
P05524,,,,,,,
P08600,,,,,,,
P09595,,,,,,,
P02778,,,,,,,
P07335,,,,,,,
P02432,,,,,,,
P02194,,,,,,,
P04907,,,,,,,
P09446,,,,,,,
P08958,,,,,,,
P08052,,,,,,,
P05769,,,,,,,
P04690,,,,,,,
P09037,,,,,,,
P05399,,,,,,,
P09617,,,,,,,
P06062,,,,,,,
P06530,,,,,,,
P03914,,,,,,,
P05734,,,,,,,
P00955,,,,,,,
P01393,,,,,,,
P07409,,,,,,,
P01600,,,,,,,
P07706,,,,,,,
P04648,,,,,,,
P07314,,,,,,,
P07211,,,,,,,
P05310,,,,,,,
P00175,,,,,,,
P08059,,,,,,,
P00842,,,,,,,
P08976,,,,,,,
P08444,,,,,,,
P08689,,,,,,,
P03566,,,,,,,
P06498,,,,,,,
P02613,,,,,,,
P04882,,,,,,,
P05536,,,,,,,
P07905,,,,,,,
P04618,,,,,,,
P05173,,,,,,,
P09415,,,,,,,
P04879,,,,,,,
P07512,,,,,,,
P07140,,,,,,,
P05018,,,,,,,
P01435,,,,,,,
P00216,,,,,,,
P06047,,,,,,,
P00961,,,,,,,
P04751,,,,,,,
P05748,,,,,,,
P03003,,,,,,,
P07946,,,,,,,
P02721,,,,,,,
P09406,,,,,,,
P03561,,,,,,,
P06740,,,,,,,
P01371,,,,,,,
P02433,,,,,,,
P09694,,,,,,,
P03998,,,,,,,
P06616,,,,,,,
P09896,,,,,,,
P05893,,,,,,,
P04819,,,,,,,
P05753,,,,,,,
P02739,,,,,,,
P00673,,,,,,,
P00341,,,,,,,
P01586,,,,,,,
P01631,,,,,,,
P03787,,,,,,,
P00169,,,,,,,
P01736,,,,,,,
P09380,,,,,,,
P02754,,,,,,,
P03544,,,,,,,
P08948,,,,,,,
P04548,,,,,,,
P03767,,,,,,,
P01963,,,,,,,
P04580,,,,,,,
P02189,,,,,,,
P09128,,,,,,,
P03830,,,,,,,
P03923,,,,,,,
P08479,,,,,,,
P07947,,,,,,,
P04387,,,,,,,
P07048,,,,,,,
P00537,,,,,,,
P07860,,,,,,,
P07619,,,,,,,
P06017,,,,,,,
P02385,,,,,,,
P05436,,,,,,,
P02685,,,,,,,
P09041,,,,,,,
P01718,,,,,,,
P08929,,,,,,,
P01953,,,,,,,
P05999,,,,,,,
P01426,,,,,,,
P09831,,,,,,,
P07236,,,,,,,
P05513,,,,,,,
P08804,,,,,,,
P02124,,,,,,,
P05589,,,,,,,
P02581,,,,,,,
P05057,,,,,,,
P06470,,,,,,,
P01774,,,,,,,
P05825,,,,,,,
P08394,,,,,,,
P08613,,,,,,,
P05805,,,,,,,
P03757,,,,,,,
P06323,,,,,,,
P09875,,,,,,,
P08821,,,,,,,
P01341,,,,,,,
P06000,,,,,,,
P04779,,,,,,,
P05754,,,,,,,
P09684,,,,,,,
P00810,,,,,,,
P08203,,,,,,,
P08478,,,,,,,
P03102,,,,,,,
P05985,,,,,,,
P09860,,,,,,,
P08544,,,,,,,
P01113,,,,,,,
P09061,,,,,,,
P00869,,,,,,,
P06877,,,,,,,
P07693,,,,,,,
P08583,,,,,,,
P04377,,,,,,,
P00500,,,,,,,
P02320,,,,,,,
P07463,,,,,,,
P01095,,,,,,,
P03277,,,,,,,
P03173,,,,,,,
P08450,,,,,,,
P05829,,,,,,,
P05378,,,,,,,
P01993,,,,,,,
P09530,,,,,,,
P05891,,,,,,,
P01490,,,,,,,
P04060,,,,,,,
P03686,,,,,,,
P03727,,,,,,,
P01829,,,,,,,
P08856,,,,,,,
P06621,,,,,,,
P05154,,,,,,,
P04180,,,,,,,
P07310,,,,,,,
P04830,,,,,,,
P00416,,,,,,,
P06519,,,,,,,
P06932,,,,,,,
P09742,,,,,,,
P04974,,,,,,,
P07255,,,,,,,
P02465,,,,,,,
P01074,,,,,,,
P09836,,,,,,,
P03211,,,,,,,
P06294,,,,,,,
P00016,,,,,,,
P05255,,,,,,,
P06310,,,,,,,
P05755,,,,,,,
P07536,,,,,,,
P08305,,,,,,,
P05563,,,,,,,
P04468,,,,,,,
P03301,,,,,,,
P02743,,,,,,,
P09943,,,,,,,
P05137,,,,,,,
P00881,,,,,,,
P07816,,,,,,,
P07976,,,,,,,
P05456,,,,,,,
P06687,,,,,,,
P01386,,,,,,,
P03997,,,,,,,
P09489,,,,,,,
P09143,,,,,,,
P07427,,,,,,,
P05983,,,,,,,
P09506,,,,,,,
P05641,,,,,,,
P00418,,,,,,,
P02718,,,,,,,
P02207,,,,,,,
P03691,,,,,,,
P02292,,,,,,,
P02961,,,,,,,
P08587,,,,,,,
P04740,,,,,,,
P08126,,,,,,,
P02606,,,,,,,
P02611,,,,,,,
P09066,,,,,,,
P09914,,,,,,,
P00367,,,,,,,
P06911,,,,,,,
P04927,,,,,,,
P01465,,,,,,,
P07042,,,,,,,
P03869,,,,,,,
P01112,,,,,,,
P03405,,,,,,,
P01663,,,,,,,
P05366,,,,,,,
P08415,,,,,,,
P00334,,,,,,,
P06348,,,,,,,
P05687,,,,,,,
P08429,,,,,,,
P00903,,,,,,,
P02871,,,,,,,
P01627,,,,,,,
P03975,,,,,,,
P02244,,,,,,,
P07745,,,,,,,
P08650,,,,,,,
P03491,,,,,,,
P07626,,,,,,,
P01164,,,,,,,
P06384,,,,,,,
P02722,,,,,,,
P05954,,,,,,,
P03055,,,,,,,
P04783,,,,,,,
P03785,,,,,,,
P02876,,,,,,,
P05765,,,,,,,
P03105,,,,,,,
P07867,,,,,,,
P01742,,,,,,,
P01114,,,,,,,
P08076,,,,,,,
P05718,,,,,,,
P00870,,,,,,,
P06534,,,,,,,
P03889,,,,,,,
P01444,,,,,,,
P06288,,,,,,,
P04273,,,,,,,
P10014,,,,,,,
P04027,,,,,,,
P06400,,,,,,,
P08718,,,,,,,
P03854,,,,,,,
P00393,,,,,,,
P01388,,,,,,,
P05201,,,,,,,
P02896,,,,,,,
P03229,,,,,,,
P04366,,,,,,,
P03237,,,,,,,
P02185,,,,,,,
P07814,,,,,,,
P06438,,,,,,,
P01867,,,,,,,
P06843,,,,,,,
P09199,,,,,,,
P05402,,,,,,,
P08732,,,,,,,
P05264,,,,,,,
P03274,,,,,,,
P01815,,,,,,,
P09948,,,,,,,
P07356,,,,,,,
P04005,,,,,,,
P09624,,,,,,,
P05035,,,,,,,
P05119,,,,,,,
P00925,,,,,,,
P05852,,,,,,,
P00683,,,,,,,
P00288,,,,,,,
P08122,,,,,,,
P02132,,,,,,,
P01756,,,,,,,
P03922,,,,,,,
P03454,,,,,,,
P02090,,,,,,,
P03551,,,,,,,
P00661,,,,,,,
P06259,,,,,,,
P01676,,,,,,,
P04460,,,,,,,
P01838,,,,,,,
P08997,,,,,,,
P09584,,,,,,,
P08992,,,,,,,
P09009,,,,,,,
P09109,,,,,,,
P08159,,,,,,,
P07581,,,,,,,
P02815,,,,,,,
P00160,,,,,,,
P09919,,,,,,,
P07614,,,,,,,
P03000,,,,,,,
P04081,,,,,,,
P05124,,,,,,,
P03145,,,,,,,
P02616,,,,,,,
P02582,,,,,,,
P08382,,,,,,,
P01208,,,,,,,
P05410,,,,,,,
P05711,,,,,,,
P05571,,,,,,,
P00182,,,,,,,
P00430,,,,,,,
P00345,,,,,,,
P08913,,,,,,,
P03250,,,,,,,
P08499,,,,,,,
P06103,,,,,,,
P02426,,,,,,,
P03004,,,,,,,
P02851,,,,,,,
P06466,,,,,,,
P01347,,,,,,,
P01127,,,,,,,
P08151,,,,,,,
P08665,,,,,,,
P00898,,,,,,,
P00873,,,,,,,
P06585,,,,,,,
P09977,,,,,,,
P09558,,,,,,,
P05338,,,,,,,
P04676,,,,,,,
P09629,,,,,,,
P00248,,,,,,,
P07587,,,,,,,
P06925,,,,,,,
P04736,,,,,,,
P01168,,,,,,,
P01036,,,,,,,
P05742,,,,,,,
P04814,,,,,,,
P09345,,,,,,,
P04658,,,,,,,
P09168,,,,,,,
P08114,,,,,,,
P06545,,,,,,,
P02823,,,,,,,
P01447,,,,,,,
P09739,,,,,,,
P01843,,,,,,,
P06399,,,,,,,
P07641,,,,,,,
P00639,,,,,,,
P00623,,,,,,,
P03098,,,,,,,
P06907,,,,,,,
P03409,,,,,,,
P03882,,,,,,,
P09271,,,,,,,
P02726,,,,,,,
P08473,,,,,,,
P05439,,,,,,,
P07703,,,,,,,
P09401,,,,,,,
P04975,,,,,,,
P03966,,,,,,,
P01976,,,,,,,
P09578,,,,,,,
P09409,,,,,,,
P07313,,,,,,,
P07940,,,,,,,
P07526,,,,,,,
P09039,,,,,,,
P00470,,,,,,,
P09117,,,,,,,
P06554,,,,,,,
P07809,,,,,,,
P08798,,,,,,,
P02587,,,,,,,
P05104,,,,,,,
P02800,,,,,,,
P04444,,,,,,,
P04283,,,,,,,
P08433,,,,,,,
P09651,,,,,,,
P06302,,,,,,,
P00051,,,,,,,
P05634,,,,,,,
P04490,,,,,,,
P08395,,,,,,,
P03789,,,,,,,
P03110,,,,,,,
P04226,,,,,,,
P00675,,,,,,,
P05435,,,,,,,
P03988,,,,,,,
P08884,,,,,,,
P00939,,,,,,,
P09887,,,,,,,
P05008,,,,,,,
P06938,,,,,,,
P08768,,,,,,,
P02101,,,,,,,
P07685,,,,,,,
P04643,,,,,,,
P00851,,,,,,,
P02233,,,,,,,
P03659,,,,,,,
P07388,,,,,,,
P06950,,,,,,,
P01356,,,,,,,
P03005,,,,,,,
P07644,,,,,,,
P04344,,,,,,,
P01068,,,,,,,
P08282,,,,,,,
P02991,,,,,,,
P09178,,,,,,,
P03815,,,,,,,
P03393,,,,,,,
P07295,,,,,,,
P06730,,,,,,,
P05106,,,,,,,
P04433,,,,,,,
P00640,,,,,,,
P03049,,,,,,,
P07616,,,,,,,
P09093,,,,,,,
P01708,,,,,,,
P06961,,,,,,,
P04001,,,,,,,
P01084,,,,,,,
P07870,,,,,,,
P09259,,,,,,,
P07908,,,,,,,
P02497,,,,,,,
P03774,,,,,,,
P07456,,,,,,,
P07360,,,,,,,
P03867,,,,,,,
P08830,,,,,,,
P02438,,,,,,,
P07651,,,,,,,
P01057,,,,,,,
P08681,,,,,,,
P09218,,,,,,,
P06824,,,,,,,
P07986,,,,,,,
P00909,,,,,,,
P03222,,,,,,,
P02034,,,,,,,
P02891,,,,,,,
P08463,,,,,,,
P06270,,,,,,,
P04341,,,,,,,
P01895,,,,,,,
P09165,,,,,,,
P02381,,,,,,,
P08523,,,,,,,
P09214,,,,,,,
P06547,,,,,,,
P02714,,,,,,,
P02457,,,,,,,
P09925,,,,,,,
P04953,,,,,,,
P06544,,,,,,,
P08901,,,,,,,
P01887,,,,,,,
P01771,,,,,,,
P05168,,,,,,,
P04660,,,,,,,
P01672,,,,,,,
P00224,,,,,,,
P03754,,,,,,,
P02369,,,,,,,
P00570,,,,,,,
P03137,,,,,,,
P02994,,,,,,,
P04139,,,,,,,
P09296,,,,,,,
P01801,,,,,,,
P02548,,,,,,,
P08101,,,,,,,
P05857,,,,,,,
P03599,,,,,,,
P09935,,,,,,,
P05967,,,,,,,
P00850,,,,,,,
P03679,,,,,,,
P03319,,,,,,,
P03924,,,,,,,
P06576,,,,,,,
P06635,,,,,,,
P05387,,,,,,,
P04672,,,,,,,
P03054,,,,,,,
P04443,,,,,,,
P09502,,,,,,,
P07197,,,,,,,
P07077,,,,,,,
P06221,,,,,,,
P03718,,,,,,,
P01320,,,,,,,
P06212,,,,,,,
P09202,,,,,,,
P04637,,,,,,,
P07764,,,,,,,
P02441,,,,,,,
P06673,,,,,,,
P01066,,,,,,,
P08274,,,,,,,
P05968,,,,,,,
P02170,,,,,,,
P01928,,,,,,,
P08048,,,,,,,
P08368,,,,,,,
P00262,,,,,,,
P04108,,,,,,,
P01294,,,,,,,
P08814,,,,,,,
P05227,,,,,,,
P05011,,,,,,,
P06744,,,,,,,
P06535,,,,,,,
P04105,,,,,,,
P08400,,,,,,,
P09324,,,,,,,
P06429,,,,,,,
P03582,,,,,,,
P05210,,,,,,,
P01428,,,,,,,
P03431,,,,,,,
P07342,,,,,,,
P07377,,,,,,,
P06555,,,,,,,
P03297,,,,,,,
P05282,,,,,,,
P07263,,,,,,,
P02682,,,,,,,
P04242,,,,,,,
P02936,,,,,,,
P05183,,,,,,,
P06148,,,,,,,
P05270,,,,,,,
P06683,,,,,,,
P07079,,,,,,,
P04144,,,,,,,
P01387,,,,,,,
P07485,,,,,,,
P09391,,,,,,,
P02880,,,,,,,
P07122,,,,,,,
P06966,,,,,,,
P08119,,,,,,,
P05812,,,,,,,
P03688,,,,,,,
P06592,,,,,,,
P05319,,,,,,,
P05600,,,,,,,
P00579,,,,,,,
P04203,,,,,,,
P08329,,,,,,,
P02371,,,,,,,
P01806,,,,,,,
P02475,,,,,,,
P05550,,,,,,,
P08353,,,,,,,
P00979,,,,,,,
P01981,,,,,,,
P02523,,,,,,,
P06297,,,,,,,
P06085,,,,,,,
P09805,,,,,,,
P00390,,,,,,,
P01110,,,,,,,
P05907,,,,,,,
P06053,,,,,,,
P00231,,,,,,,
P08790,,,,,,,
P05194,,,,,,,
P02555,,,,,,,
P01485,,,,,,,
P03383,,,,,,,
P07012,,,,,,,
P09579,,,,,,,
P05034,,,,,,,
P07883,,,,,,,
P03125,,,,,,,
P01412,,,,,,,
P06696,,,,,,,
P06610,,,,,,,
P06116,,,,,,,
P04702,,,,,,,
P04434,,,,,,,
P00790,,,,,,,
P01681,,,,,,,
P06609,,,,,,,
P03874,,,,,,,
P09270,,,,,,,
P02471,,,,,,,
P04799,,,,,,,
P02867,,,,,,,
P04766,,,,,,,
P09490,,,,,,,
P01200,,,,,,,
P09330,,,,,,,
P04599,,,,,,,
P06026,,,,,,,
P02448,,,,,,,
P05971,,,,,,,
P01104,,,,,,,
P08294,,,,,,,
P03172,,,,,,,
P07370,,,,,,,
P01555,,,,,,,
P08535,,,,,,,
P06220,,,,,,,
P09612,,,,,,,
P03340,,,,,,,
P02488,,,,,,,
P04232,,,,,,,
P06972,,,,,,,
P00589,,,,,,,
P08298,,,,,,,
P05570,,,,,,,
P09713,,,,,,,
P02171,,,,,,,
P01219,,,,,,,
P01422,,,,,,,
P06788,,,,,,,
P05956,,,,,,,
P08024,,,,,,,
P03631,,,,,,,
P01944,,,,,,,
P06720,,,,,,,
P07109,,,,,,,
P08885,,,,,,,
P02595,,,,,,,
P09438,,,,,,,
P03047,,,,,,,
P08919,,,,,,,
P03406,,,,,,,
P03712,,,,,,,
P01568,,,,,,,
P06587,,,,,,,
P04917,,,,,,,
P09640,,,,,,,
P09519,,,,,,,
P04326,,,,,,,
P09416,,,,,,,
P02577,,,,,,,
P05150,,,,,,,
P08492,,,,,,,
P07040,,,,,,,
P09826,,,,,,,
P07294,,,,,,,
P09986,,,,,,,
P06858,,,,,,,
P02112,,,,,,,
P07309,,,,,,,
P06200,,,,,,,
P06380,,,,,,,
P06410,,,,,,,
P02738,,,,,,,
P08757,,,,,,,
P01936,,,,,,,
P01684,,,,,,,
P08693,,,,,,,
P07094,,,,,,,
P06076,,,,,,,
P03655,,,,,,,
P09448,,,,,,,
P08688,,,,,,,
P05980,,,,,,,
P04304,,,,,,,
P04191,,,,,,,
P04115,,,,,,,
P03902,,,,,,,
P08133,,,,,,,
P05776,,,,,,,
P03224,,,,,,,
P06052,,,,,,,
P07818,,,,,,,
P05383,,,,,,,
P01215,,,,,,,
P00738,,,,,,,
P05359,,,,,,,
P03420,,,,,,,
P08460,,,,,,,
P09036,,,,,,,
P02865,,,,,,,
P05969,,,,,,,
P04187,,,,,,,
P08358,,,,,,,
P06736,,,,,,,
P04630,,,,,,,
P05704,,,,,,,
P07176,,,,,,,
P04048,,,,,,,
P05222,,,,,,,
P00085,,,,,,,
P04034,,,,,,,
P02111,,,,,,,
P04538,,,,,,,
P05934,,,,,,,
P06939,,,,,,,
P01574,,,,,,,
P06716,,,,,,,
P04208,,,,,,,
P02791,,,,,,,
P06898,,,,,,,
P05217,,,,,,,
P08692,,,,,,,
P02671,,,,,,,
P03761,,,,,,,
P08869,,,,,,,
P08351,,,,,,,
P08601,,,,,,,
P08109,,,,,,,
P08691,,,,,,,
P07914,,,,,,,
P02158,,,,,,,
P02372,,,,,,,
P06146,,,,,,,
P07395,,,,,,,
P06312,,,,,,,
P03256,,,,,,,
P08300,,,,,,,
P07696,,,,,,,
P03109,,,,,,,
P03056,,,,,,,
P07807,,,,,,,
P01780,,,,,,,
P01798,,,,,,,
P02729,,,,,,,
P02335,,,,,,,
P01956,,,,,,,
P05356,,,,,,,
P07724,,,,,,,
P07663,,,,,,,
P02860,,,,,,,
P05449,,,,,,,
P02768,,,,,,,
P09773,,,,,,,
P00952,,,,,,,
P01816,,,,,,,
P05684,,,,,,,
P00600,,,,,,,
P02376,,,,,,,
P05500,,,,,,,
P08925,,,,,,,
P00386,,,,,,,
P08278,,,,,,,
P09785,,,,,,,
P03107,,,,,,,
P08380,,,,,,,
P05446,,,,,,,
P03880,,,,,,,
P06928,,,,,,,
P08421,,,,,,,
P08739,,,,,,,
P05682,,,,,,,
P03330,,,,,,,
P04234,,,,,,,
P03749,,,,,,,
P09815,,,,,,,
P04500,,,,,,,
P06807,,,,,,,
P04919,,,,,,,
P09229,,,,,,,
P07660,,,,,,,
P04815,,,,,,,
P09417,,,,,,,
P01399,,,,,,,
P03674,,,,,,,
P09628,,,,,,,
P00350,,,,,,,
P02455,,,,,,,
P00239,,,,,,,
P07969,,,,,,,
P08065,,,,,,,
P07387,,,,,,,
P02588,,,,,,,
P05644,,,,,,,
P01129,,,,,,,
P04561,,,,,,,
P03963,,,,,,,
P06809,,,,,,,
P06586,,,,,,,
P02327,,,,,,,
P04189,,,,,,,
P05822,,,,,,,
P01420,,,,,,,
P01608,,,,,,,
P04609,,,,,,,
P04067,,,,,,,
P02868,,,,,,,
P05851,,,,,,,
P06782,,,,,,,
P04900,,,,,,,
P08674,,,,,,,
P06874,,,,,,,
P03569,,,,,,,
P07708,,,,,,,
P03148,,,,,,,
P02064,,,,,,,
P01633,,,,,,,
P07606,,,,,,,
P08956,,,,,,,
P09226,,,,,,,
P01256,,,,,,,
P09205,,,,,,,
P00854,,,,,,,
P09363,,,,,,,
P06419,,,,,,,
P02890,,,,,,,
P08786,,,,,,,
P03583,,,,,,,
P07088,,,,,,,
P09456,,,,,,,
P06201,,,,,,,
P03853,,,,,,,
P02834,,,,,,,
P01427,,,,,,,
P01650,,,,,,,
P08713,,,,,,,
P06002,,,,,,,
P02127,,,,,,,
P02848,,,,,,,
P02279,,,,,,,
P05509,,,,,,,
P02856,,,,,,,
P02541,,,,,,,
P03586,,,,,,,
P06203,,,,,,,
P02336,,,,,,,
P03758,,,,,,,
P01686,,,,,,,
P03816,,,,,,,
P08468,,,,,,,
P09352,,,,,,,
P01978,,,,,,,
P05672,,,,,,,
P07535,,,,,,,
P02918,,,,,,,
P00957,,,,,,,
P06981,,,,,,,
P07159,,,,,,,
P07323,,,,,,,
P09723,,,,,,,
P05962,,,,,,,
P07016,,,,,,,
P00420,,,,,,,
P02902,,,,,,,
P08234,,,,,,,
P05039,,,,,,,
P08308,,,,,,,
P06951,,,,,,,
P09400,,,,,,,
P08333,,,,,,,
P02694,,,,,,,
P02605,,,,,,,
P08765,,,,,,,
P04505,,,,,,,
P01970,,,,,,,
P02806,,,,,,,
P00137,,,,,,,
P04862,,,,,,,
P01773,,,,,,,
P08994,,,,,,,
P08077,,,,,,,
P05979,,,,,,,
P04744,,,,,,,
P02888,,,,,,,
P04600,,,,,,,
P07046,,,,,,,
P08815,,,,,,,
P07091,,,,,,,
P03252,,,,,,,
P05260,,,,,,,
P00311,,,,,,,
P08673,,,,,,,
P03734,,,,,,,
P00599,,,,,,,
P09611,,,,,,,
P04981,,,,,,,
P02440,,,,,,,
P07367,,,,,,,
P08338,,,,,,,
P01308,,,,,,,
P00422,,,,,,,
P08955,,,,,,,
P04056,,,,,,,
P01038,,,,,,,
P05351,,,,,,,
P00041,,,,,,,
P02814,,,,,,,
P09048,,,,,,,
P09110,,,,,,,
P05841,,,,,,,
P00270,,,,,,,
P00938,,,,,,,
P09050,,,,,,,
P06642,,,,,,,
P02761,,,,,,,
P04771,,,,,,,
P02350,,,,,,,
P02850,,,,,,,
P01188,,,,,,,
P04338,,,,,,,
P06790,,,,,,,
P00257,,,,,,,
P04755,,,,,,,
P05913,,,,,,,
P08839,,,,,,,
P09608,,,,,,,
P03793,,,,,,,
P00767,,,,,,,
P03401,,,,,,,
P03994,,,,,,,
P01237,,,,,,,
P07073,,,,,,,
P04474,,,,,,,
P05514,,,,,,,
P04400,,,,,,,
P02552,,,,,,,
P05289,,,,,,,
P05277,,,,,,,
P02760,,,,,,,
P03556,,,,,,,
P05768,,,,,,,
P00666,,,,,,,
P04342,,,,,,,
P01585,,,,,,,
P01392,,,,,,,
P09094,,,,,,,
P04026,,,,,,,
P03333,,,,,,,
P09969,,,,,,,
P02940,,,,,,,
P01807,,,,,,,
P03581,,,,,,,
P07047,,,,,,,
P01865,,,,,,,
P08810,,,,,,,
P04647,,,,,,,
P06515,,,,,,,
P01967,,,,,,,
P06516,,,,,,,
P05414,,,,,,,
P08811,,,,,,,
P00071,,,,,,,
P06827,,,,,,,
P00988,,,,,,,
P01554,,,,,,,
P03175,,,,,,,
P04279,,,,,,,
P06841,,,,,,,
P04541,,,,,,,
P03585,,,,,,,
P04764,,,,,,,
P03462,,,,,,,
P08813,,,,,,,
P00152,,,,,,,
P00203,,,,,,,
P06118,,,,,,,
P03160,,,,,,,
P05128,,,,,,,
P03140,,,,,,,
P08985,,,,,,,
P03366,,,,,,,
P03422,,,,,,,
P08702,,,,,,,
P09523,,,,,,,
P00878,,,,,,,
P08107,,,,,,,
P01055,,,,,,,
P02443,,,,,,,
P08712,,,,,,,
P01775,,,,,,,
P06948,,,,,,,
P00724,,,,,,,
P03705,,,,,,,
P04852,,,,,,,
P02624,,,,,,,
P08785,,,,,,,
P08950,,,,,,,
P06888,,,,,,,
P01679,,,,,,,
P04523,,,,,,,
P01530,,,,,,,
P01721,,,,,,,
P05379,,,,,,,
P09967,,,,,,,
P09055,,,,,,,
P07913,,,,,,,
P00614,,,,,,,
P06450,,,,,,,
P01078,,,,,,,
P01644,,,,,,,
P00849,,,,,,,
P08624,,,,,,,
P02986,,,,,,,
P07642,,,,,,,
P03681,,,,,,,
P06991,,,,,,,
P06011,,,,,,,
P07748,,,,,,,
P07303,,,,,,,
P09677,,,,,,,
P04071,,,,,,,
P03093,,,,,,,
P06674,,,,,,,
P03328,,,,,,,
P07591,,,,,,,
P03157,,,,,,,
P04810,,,,,,,
P05406,,,,,,,
P04484,,,,,,,
P08867,,,,,,,
P05639,,,,,,,
P08672,,,,,,,
P08135,,,,,,,
P09057,,,,,,,
P00538,,,,,,,
P01470,,,,,,,
P01291,,,,,,,
P05872,,,,,,,
P09369,,,,,,,
P07882,,,,,,,
P04179,,,,,,,
P09194,,,,,,,
P05437,,,,,,,
P04861,,,,,,,
P06231,,,,,,,
P09472,,,,,,,
P00861,,,,,,,
P07112,,,,,,,
P02651,,,,,,,
P05474,,,,,,,
P04436,,,,,,,
P04204,,,,,,,
P01518,,,,,,,
P03731,,,,,,,
P09707,,,,,,,
P06163,,,,,,,
P06707,,,,,,,
P05941,,,,,,,
P04577,,,,,,,
P01125,,,,,,,
P08321,,,,,,,
P08317,,,,,,,
P05333,,,,,,,
P02921,,,,,,,
P08120,,,,,,,
P00025,,,,,,,
P02650,,,,,,,
P08292,,,,,,,
P05781,,,,,,,
P09176,,,,,,,
P05060,,,,,,,
P08658,,,,,,,
P08105,,,,,,,
P01603,,,,,,,
P05856,,,,,,,
P06216,,,,,,,
P05637,,,,,,,
P06572,,,,,,,
P09652,,,,,,,
P05844,,,,,,,
P03481,,,,,,,
P04970,,,,,,,
P01295,,,,,,,
P09783,,,,,,,
P01908,,,,,,,
P00976,,,,,,,
P02387,,,,,,,
P04177,,,,,,,
P02556,,,,,,,
P01722,,,,,,,
P01751,,,,,,,
P09922,,,,,,,
P01450,,,,,,,
P01452,,,,,,,
P00512,,,,,,,
P08257,,,,,,,
P09161,,,,,,,
P03855,,,,,,,
P08648,,,,,,,
P00478,,,,,,,
P03150,,,,,,,
P00209,,,,,,,
P04724,,,,,,,
P01854,,,,,,,
P02084,,,,,,,
P06044,,,,,,,
P04463,,,,,,,
P08020,,,,,,,
P06916,,,,,,,
P03810,,,,,,,
P01425,,,,,,,
P07808,,,,,,,
P00244,,,,,,,
P00766,,,,,,,
P02389,,,,,,,
P09329,,,,,,,
P02275,,,,,,,
P03665,,,,,,,
P09283,,,,,,,
P08854,,,,,,,
P02982,,,,,,,
P01921,,,,,,,
P00743,,,,,,,
P06054,,,,,,,
P02362,,,,,,,
P05175,,,,,,,
P05253,,,,,,,
P02630,,,,,,,
P07545,,,,,,,
P09318,,,,,,,
P02128,,,,,,,
P03041,,,,,,,
P04019,,,,,,,
P07778,,,,,,,
P05442,,,,,,,
P05334,,,,,,,
P07443,,,,,,,
P03844,,,,,,,
P03116,,,,,,,
P03122,,,,,,,
P09019,,,,,,,
P00739,,,,,,,
P06407,,,,,,,
P06029,,,,,,,
P03620,,,,,,,
P02067,,,,,,,
P09724,,,,,,,
P05630,,,,,,,
P08082,,,,,,,
P01886,,,,,,,
P08618,,,,,,,
P05316,,,,,,,
P02428,,,,,,,
P02093,,,,,,,
P05862,,,,,,,
P01456,,,,,,,
P06669,,,,,,,
P01822,,,,,,,
P08289,,,,,,,
P01808,,,,,,,
P06578,,,,,,,
P01968,,,,,,,
P01929,,,,,,,
P08426,,,,,,,
P09028,,,,,,,
P03733,,,,,,,
P09718,,,,,,,
P01317,,,,,,,
P06971,,,,,,,
P02770,,,,,,,
P04438,,,,,,,
P03982,,,,,,,
P09552,,,,,,,
P08635,,,,,,,
P05301,,,,,,,
P07726,,,,,,,
P06537,,,,,,,
P09636,,,,,,,
P00760,,,,,,,
P08434,,,,,,,
P08927,,,,,,,
P08438,,,,,,,
P00153,,,,,,,
P08735,,,,,,,
P06301,,,,,,,
P03468,,,,,,,
P04386,,,,,,,
P09279,,,,,,,
P05690,,,,,,,
P01070,,,,,,,
P09770,,,,,,,
P07912,,,,,,,
P02656,,,,,,,
P00269,,,,,,,
P06232,,,,,,,
P01175,,,,,,,
P01284,,,,,,,
P02741,,,,,,,
P04971,,,,,,,
P07234,,,,,,,
P07534,,,,,,,
P08545,,,,,,,
P06235,,,,,,,
P00597,,,,,,,
P02767,,,,,,,
P06628,,,,,,,
P07437,,,,,,,
P02550,,,,,,,
P00130,,,,,,,
P09516,,,,,,,
P01307,,,,,,,
P06158,,,,,,,
P01458,,,,,,,
P08706,,,,,,,
P00780,,,,,,,
P02841,,,,,,,
P07751,,,,,,,
P07731,,,,,,,
P07208,,,,,,,
P07945,,,,,,,
P04360,,,,,,,
P09720,,,,,,,
P03968,,,,,,,
P03576,,,,,,,
P01051,,,,,,,
P09457,,,,,,,
P02080,,,,,,,
P05329,,,,,,,
P02204,,,,,,,
P06333,,,,,,,
P01912,,,,,,,
P06152,,,,,,,
P07489,,,,,,,
P04895,,,,,,,
P00098,,,,,,,
P02500,,,,,,,
P07523,,,,,,,
P06755,,,,,,,
P09521,,,,,,,
P08392,,,,,,,
P05286,,,,,,,
P01442,,,,,,,
P05370,,,,,,,
P06734,,,,,,,
P07611,,,,,,,
P06454,,,,,,,
P04688,,,,,,,
P08657,,,,,,,
P07125,,,,,,,
P03287,,,,,,,
P08004,,,,,,,
P02816,,,,,,,
P01008,,,,,,,
P03940,,,,,,,
P02274,,,,,,,
P04983,,,,,,,
P04801,,,,,,,
P03139,,,,,,,
P00504,,,,,,,
P09144,,,,,,,
P09245,,,,,,,
P09834,,,,,,,
P09769,,,,,,,
P01258,,,,,,,
P09726,,,,,,,
P00211,,,,,,,
P06257,,,,,,,
P07754,,,,,,,
P05914,,,,,,,
P08006,,,,,,,
P08496,,,,,,,
P07304,,,,,,,
P00860,,,,,,,
P00471,,,,,,,
P05906,,,,,,,
P03778,,,,,,,
P06718,,,,,,,
P05422,,,,,,,
P05336,,,,,,,
P08350,,,,,,,
P03490,,,,,,,
P08987,,,,,,,
P06304,,,,,,,
P00867,,,,,,,
P07175,,,,,,,
P07259,,,,,,,
P06715,,,,,,,
P02494,,,,,,,
P01006,,,,,,,
P02273,,,,,,,
P08295,,,,,,,
P00126,,,,,,,
P04806,,,,,,,
P09414,,,,,,,
P05483,,,,,,,
P05101,,,,,,,
P03671,,,,,,,
P04653,,,,,,,
P02424,,,,,,,
P09185,,,,,,,
P01253,,,,,,,
P09832,,,,,,,
P06184,,,,,,,
P05229,,,,,,,
P07071,,,,,,,
P09052,,,,,,,
P04619,,,,,,,
P01487,,,,,,,
P08387,,,,,,,
P04842,,,,,,,
P07678,,,,,,,
P09012,,,,,,,
P08252,,,,,,,
P05244,,,,,,,
P03189,,,,,,,
P05394,,,,,,,
P02687,,,,,,,
P01014,,,,,,,
P03964,,,,,,,
P07561,,,,,,,
P07695,,,,,,,
P05935,,,,,,,
P09113,,,,,,,
P09177,,,,,,,
P10003,,,,,,,
P05108,,,,,,,
P01326,,,,,,,
P04608,,,,,,,
P03118,,,,,,,
P03972,,,,,,,
P07683,,,,,,,
P03769,,,,,,,
P07041,,,,,,,
P01655,,,,,,,
P03575,,,,,,,
P01031,,,,,,,
P08669,,,,,,,
P02183,,,,,,,
P04553,,,,,,,
P08003,,,,,,,
P03217,,,,,,,
P01859,,,,,,,
P03184,,,,,,,
P06125,,,,,,,
P02844,,,,,,,
P09361,,,,,,,
P02100,,,,,,,
P05209,,,,,,,
P07820,,,,,,,
P01578,,,,,,,
P09124,,,,,,,
P08255,,,,,,,
P08129,,,,,,,
P00584,,,,,,,
P02688,,,,,,,
P04704,,,,,,,
P04997,,,,,,,
P06084,,,,,,,
P02212,,,,,,,
P09162,,,,,,,
P06603,,,,,,,
P04714,,,,,,,
P05986,,,,,,,
P05528,,,,,,,
P05614,,,,,,,
P07916,,,,,,,
P06439,,,,,,,
P06277,,,,,,,
P07744,,,,,,,
P00138,,,,,,,
P09190,,,,,,,
P06664,,,,,,,
P09319,,,,,,,
P09670,,,,,,,
P05340,,,,,,,
P01675,,,,,,,
P00259,,,,,,,
P00577,,,,,,,
P09657,,,,,,,
P04845,,,,,,,
P00368,,,,,,,
P04684,,,,,,,
P04148,,,,,,,
P04817,,,,,,,
P00148,,,,,,,
P01146,,,,,,,
P04921,,,,,,,
P05000,,,,,,,
P04346,,,,,,,
P08526,,,,,,,
P00123,,,,,,,
P07078,,,,,,,
P02368,,,,,,,
P02231,,,,,,,
P02300,,,,,,,
P08501,,,,,,,
P09821,,,,,,,
P05352,,,,,,,
P04528,,,,,,,
P00451,,,,,,,
P08520,,,,,,,
P01379,,,,,,,
P10033,,,,,,,
P06342,,,,,,,
P01430,,,,,,,
P03666,,,,,,,
P02675,,,,,,,
P02953,,,,,,,
P01533,,,,,,,
P08374,,,,,,,
P00467,,,,,,,
P08053,,,,,,,
P06689,,,,,,,
P04880,,,,,,,
P03536,,,,,,,
P09574,,,,,,,
P08500,,,,,,,
P04730,,,,,,,
P04295,,,,,,,
P05234,,,,,,,
P04563,,,,,,,
P09671,,,,,,,
P05473,,,,,,,
P05761,,,,,,,
P08370,,,,,,,
P03365,,,,,,,
P04728,,,,,,,
P00030,,,,,,,
P10001,,,,,,,
P00608,,,,,,,
P05631,,,,,,,
P01313,,,,,,,
P04047,,,,,,,
P00387,,,,,,,
P01029,,,,,,,
P02445,,,,,,,
P05619,,,,,,,
P01817,,,,,,,
P07876,,,,,,,
P03064,,,,,,,
P00408,,,,,,,
P01244,,,,,,,
P01560,,,,,,,
P05978,,,,,,,
P04598,,,,,,,
P05099,,,,,,,
P03612,,,,,,,
P01896,,,,,,,
P02979,,,,,,,
P06682,,,,,,,
P06219,,,,,,,
P09505,,,,,,,
P09766,,,,,,,
P09916,,,,,,,
P08131,,,,,,,
P01105,,,,,,,
P00201,,,,,,,
P02717,,,,,,,
P04562,,,,,,,
P05727,,,,,,,
P07392,,,,,,,
P00732,,,,,,,
P07256,,,,,,,
P05030,,,,,,,
P01424,,,,,,,
P02167,,,,,,,
P05918,,,,,,,
P08842,,,,,,,
P08327,,,,,,,
P02077,,,,,,,
P06183,,,,,,,
P01121,,,,,,,
P01645,,,,,,,
P05238,,,,,,,
P08247,,,,,,,
P05747,,,,,,,
P03555,,,,,,,
P05521,,,,,,,
P01115,,,,,,,
P06569,,,,,,,
P01995,,,,,,,
P06099,,,,,,,
P05673,,,,,,,
P01249,,,,,,,
P04281,,,,,,,
P08738,,,,,,,
P04543,,,,,,,
P07469,,,,,,,
P01951,,,,,,,
P08522,,,,,,,
P01837,,,,,,,
P08518,,,,,,,
P05407,,,,,,,
P03991,,,,,,,
P01255,,,,,,,
P04445,,,,,,,
P01804,,,,,,,
P04901,,,,,,,
P07389,,,,,,,
P09010,,,,,,,
P07962,,,,,,,
P02655,,,,,,,
P06875,,,,,,,
P05105,,,,,,,
P02932,,,,,,,
P03957,,,,,,,
P02447,,,,,,,
P03936,,,,,,,
P07056,,,,,,,
P05055,,,,,,,
P09148,,,,,,,
P00200,,,,,,,
P08223,,,,,,,
P02929,,,,,,,
P04612,,,,,,,
P04756,,,,,,,
P05047,,,,,,,
P09241,,,,,,,
P06798,,,,,,,
P07210,,,,,,,
P00339,,,,,,,
P09655,,,,,,,
P05490,,,,,,,
P06704,,,,,,,
P04129,,,,,,,
P03876,,,,,,,
P02155,,,,,,,
P04631,,,,,,,
P06150,,,,,,,
P03303,,,,,,,
P02750,,,,,,,
P03879,,,,,,,
P01746,,,,,,,
P09034,,,,,,,
P08683,,,,,,,
P06615,,,,,,,
P09812,,,,,,,
P06363,,,,,,,
P03960,,,,,,,
P09616,,,,,,,
P09167,,,,,,,
P08939,,,,,,,
P08977,,,,,,,
P01809,,,,,,,
P00423,,,,,,,
P02947,,,,,,,
P01333,,,,,,,
P02118,,,,,,,
P01539,,,,,,,
P05635,,,,,,,
P03186,,,,,,,
P04501,,,,,,,
P03873,,,,,,,
P09976,,,,,,,
P08414,,,,,,,
P02423,,,,,,,
P06477,,,,,,,
P02830,,,,,,,
P07849,,,,,,,
P08083,,,,,,,
P03293,,,,,,,
P00671,,,,,,,
P08010,,,,,,,
P08589,,,,,,,
P00815,,,,,,,
P08695,,,,,,,
P07539,,,,,,,
P01988,,,,,,,
P06078,,,,,,,
P07537,,,,,,,
P08128,,,,,,,
P09425,,,,,,,
P00964,,,,,,,
P03669,,,,,,,
P07053,,,,,,,
P09106,,,,,,,
P03460,,,,,,,
P05617,,,,,,,
P04877,,,,,,,
P08235,,,,,,,
P07439,,,,,,,
P07028,,,,,,,
P03197,,,,,,,
P08961,,,,,,,
P00299,,,,,,,
P08389,,,,,,,
P03553,,,,,,,
P06678,,,,,,,
P01935,,,,,,,
P00833,,,,,,,
P00295,,,,,,,
P05430,,,,,,,
P07643,,,,,,,
P00194,,,,,,,
P05976,,,,,,,
P06069,,,,,,,
P07812,,,,,,,
P06985,,,,,,,
P08166,,,,,,,
P03781,,,,,,,
P00193,,,,,,,
P02931,,,,,,,
P04233,,,,,,,
P03728,,,,,,,
P00125,,,,,,,
P06330,,,,,,,
P09488,,,,,,,
P03203,,,,,,,
P09659,,,,,,,
P07618,,,,,,,
P04536,,,,,,,
P00363,,,,,,,
P02131,,,,,,,
P09427,,,,,,,
P06653,,,,,,,
P02504,,,,,,,
P07107,,,,,,,
P09152,,,,,,,
P04840,,,,,,,
P02486,,,,,,,
P05896,,,,,,,
P07828,,,,,,,
P06552,,,,,,,
P02911,,,,,,,
P06180,,,,,,,
P03261,,,,,,,
P00688,,,,,,,
P05415,,,,,,,
P06427,,,,,,,
P09460,,,,,,,
P02915,,,,,,,
P06396,,,,,,,
P00409,,,,,,,
P04382,,,,,,,
P01310,,,,,,,
P07989,,,,,,,
P06455,,,,,,,
P06418,,,,,,,
P01142,,,,,,,
P03322,,,,,,,
P07458,,,,,,,
P01656,,,,,,,
P02786,,,,,,,
P07226,,,,,,,
P04594,,,,,,,
P00088,,,,,,,
P03783,,,,,,,
P03031,,,,,,,
P06404,,,,,,,
P05072,,,,,,,
P04588,,,,,,,
P02439,,,,,,,
P09978,,,,,,,
P00966,,,,,,,
P02024,,,,,,,
P03552,,,,,,,
P02757,,,,,,,
P00595,,,,,,,
P04624,,,,,,,
P04977,,,,,,,
P09458,,,,,,,
P05625,,,,,,,
P01549,,,,,,,
P07416,,,,,,,
P06752,,,,,,,
P00612,,,,,,,
P01118,,,,,,,
P04774,,,,,,,
P05401,,,,,,,
P08851,,,,,,,
P02115,,,,,,,
P07885,,,,,,,
P01174,,,,,,,
P06896,,,,,,,
P07145,,,,,,,
P08431,,,,,,,
P02237,,,,,,,
P06204,,,,,,,
P00026,,,,,,,
P06031,,,,,,,
P06657,,,,,,,
P04160,,,,,,,
P03938,,,,,,,
P01584,,,,,,,
P03259,,,,,,,
P00161,,,,,,,
P09049,,,,,,,
P07153,,,,,,,
P07254,,,,,,,
P01302,,,,,,,
P02810,,,,,,,
P02000,,,,,,,
P07636,,,,,,,
P06799,,,,,,,
P06027,,,,,,,
P04903,,,,,,,
P01893,,,,,,,
P02311,,,,,,,
P09030,,,,,,,
P02846,,,,,,,
P05389,,,,,,,
P03969,,,,,,,
P01754,,,,,,,
P07248,,,,,,,
P00075,,,,,,,
P07924,,,,,,,
P05165,,,,,,,
P07015,,,,,,,
P09088,,,,,,,
P05081,,,,,,,
P06611,,,,,,,
P06264,,,,,,,
P06414,,,,,,,
P08932,,,,,,,
P05779,,,,,,,
P02730,,,,,,,
P09522,,,,,,,
P04475,,,,,,,
P05135,,,,,,,
P02227,,,,,,,
P03132,,,,,,,
P05900,,,,,,,
P00765,,,,,,,
P08464,,,,,,,
P06189,,,,,,,
P01128,,,,,,,
P01205,,,,,,,
P05006,,,,,,,
P05756,,,,,,,
P03162,,,,,,,
P03413,,,,,,,
P06295,,,,,,,
P06038,,,,,,,
P09246,,,,,,,
P01334,,,,,,,
P01652,,,,,,,
P06275,,,,,,,
P03623,,,,,,,
P01185,,,,,,,
P06699,,,,,,,
P06845,,,,,,,
P03619,,,,,,,
P07547,,,,,,,
P10034,,,,,,,
P05877,,,,,,,
P06479,,,,,,,
P05027,,,,,,,
P04727,,,,,,,
P04506,,,,,,,
P05809,,,,,,,
P08845,,,,,,,
P05868,,,,,,,
P09064,,,,,,,
P02654,,,,,,,
P05760,,,,,,,
P02545,,,,,,,
P05578,,,,,,,
P06830,,,,,,,
P07224,,,,,,,
P00282,,,,,,,
P01992,,,,,,,
P08887,,,,,,,
P06979,,,,,,,
P07385,,,,,,,
P09588,,,,,,,
P02934,,,,,,,
P07264,,,,,,,
P02236,,,,,,,
P06542,,,,,,,
P03130,,,,,,,
P01609,,,,,,,
P08034,,,,,,,
P01463,,,,,,,
P00586,,,,,,,
P04699,,,,,,,
P02153,,,,,,,
P06005,,,,,,,
P05174,,,,,,,
P00433,,,,,,,
P03827,,,,,,,
P00267,,,,,,,
P08272,,,,,,,
P08628,,,,,,,
P07430,,,,,,,
P02056,,,,,,,
P09565,,,,,,,
P05233,,,,,,,
P00338,,,,,,,
P05226,,,,,,,
P06157,,,,,,,
P03860,,,,,,,
P00636,,,,,,,
P07937,,,,,,,
P09686,,,,,,,
P09044,,,,,,,
P04473,,,,,,,
P05599,,,,,,,
P00645,,,,,,,
P05247,,,,,,,
P03520,,,,,,,
P03089,,,,,,,
P08653,,,,,,,
P04209,,,,,,,
P05153,,,,,,,
P08081,,,,,,,
P02117,,,,,,,
P09208,,,,,,,
P09633,,,,,,,
P08355,,,,,,,
P05534,,,,,,,
P00663,,,,,,,
P07998,,,,,,,
P07453,,,,,,,
P07851,,,,,,,
P05118,,,,,,,
P05086,,,,,,,
P01349,,,,,,,
P06359,,,,,,,
P07633,,,,,,,
P03506,,,,,,,
P00945,,,,,,,
P07664,,,,,,,
P08182,,,,,,,
P05965,,,,,,,
P03453,,,,,,,
P05203,,,,,,,
P05391,,,,,,,
P02507,,,,,,,
P05315,,,,,,,
P06022,,,,,,,
P03355,,,,,,,
P10017,,,,,,,
P07252,,,,,,,
P05898,,,,,,,
P00328,,,,,,,
P01902,,,,,,,
P04044,,,,,,,
P07775,,,,,,,
P02496,,,,,,,
P02517,,,,,,,
P02248,,,,,,,
P02386,,,,,,,
P01885,,,,,,,
P05331,,,,,,,
P01182,,,,,,,
P05728,,,,,,,
P01508,,,,,,,
P00757,,,,,,,
P02289,,,,,,,
P08529,,,,,,,
P06242,,,,,,,
P09436,,,,,,,
P02893,,,,,,,
P03251,,,,,,,
P01367,,,,,,,
P03066,,,,,,,
P08574,,,,,,,
P08078,,,,,,,
P07161,,,,,,,
P06209,,,,,,,
P03385,,,,,,,
P02134,,,,,,,
P05859,,,,,,,
P02864,,,,,,,
P07124,,,,,,,
P09689,,,,,,,
P03445,,,,,,,
P05404,,,,,,,
P00662,,,,,,,
P06726,,,,,,,
P02137,,,,,,,
P00511,,,,,,,
P07165,,,,,,,
P04305,,,,,,,
P00868,,,,,,,
P04993,,,,,,,
P01021,,,,,,,
P00103,,,,,,,
P00551,,,,,,,
P08724,,,,,,,
P02621,,,,,,,
P02078,,,,,,,
P02987,,,,,,,
P09298,,,,,,,
P00356,,,,,,,
P09104,,,,,,,
P02992,,,,,,,
P08911,,,,,,,
P08384,,,,,,,
P07827,,,,,,,
P07679,,,,,,,
P07311,,,,,,,
P06994,,,,,,,
P06604,,,,,,,
P07892,,,,,,,
P09139,,,,,,,
P01368,,,,,,,
P04367,,,,,,,
P07344,,,,,,,
P03225,,,,,,,
P02781,,,,,,,
P04673,,,,,,,
P04023,,,,,,,
P09210,,,,,,,
P07155,,,,,,,
P01177,,,,,,,
P10019,,,,,,,
P02740,,,,,,,
P02278,,,,,,,
P04707,,,,,,,
P04409,,,,,,,
P04798,,,,,,,
P04805,,,,,,,
P01049,,,,,,,
P08245,,,,,,,
P09332,,,,,,,
P03857,,,,,,,
P02849,,,,,,,
P01329,,,,,,,
P05836,,,,,,,
P05618,,,,,,,
P02176,,,,,,,
P09431,,,,,,,
P02646,,,,,,,
P01874,,,,,,,
P00763,,,,,,,
P03025,,,,,,,
P03721,,,,,,,
P07786,,,,,,,
P01864,,,,,,,
P02325,,,,,,,
P02845,,,,,,,
P08717,,,,,,,
P00981,,,,,,,
P09398,,,,,,,
P08011,,,,,,,
P00910,,,,,,,
P00300,,,,,,,
P06173,,,,,,,
P04958,,,,,,,
P00475,,,,,,,
P06042,,,,,,,
P00569,,,,,,,
P09151,,,,,,,
P07802,,,,,,,
P06781,,,,,,,
P09163,,,,,,,
P00217,,,,,,,
P06457,,,,,,,
P09127,,,,,,,
P06557,,,,,,,
P02349,,,,,,,
P05786,,,,,,,
P08217,,,,,,,
P06280,,,,,,,
P01571,,,,,,,
P05767,,,,,,,
P06423,,,,,,,
P01218,,,,,,,
P09342,,,,,,,
P01961,,,,,,,
P04565,,,,,,,
P03764,,,,,,,
P05130,,,,,,,
P01268,,,,,,,
P04032,,,,,,,
P02536,,,,,,,
P03852,,,,,,,
P03350,,,,,,,
P07442,,,,,,,
P01607,,,,,,,
P05955,,,,,,,
P06115,,,,,,,
P02296,,,,,,,
P08156,,,,,,,
P00146,,,,,,,
P04708,,,,,,,
P06065,,,,,,,
P01120,,,,,,,
P01257,,,,,,,
P01058,,,,,,,
P09466,,,,,,,
P08167,,,,,,,
P06098,,,,,,,
P03818,,,,,,,
P06940,,,,,,,
P07097,,,,,,,
P00864,,,,,,,
P00888,,,,,,,
P05468,,,,,,,
P07474,,,,,,,
P08428,,,,,,,
P03726,,,,,,,
P09869,,,,,,,
P09459,,,,,,,
P03048,,,,,,,
P05945,,,,,,,
P03502,,,,,,,
P09320,,,,,,,
P01011,,,,,,,
P02776,,,,,,,
P08550,,,,,,,
P09517,,,,,,,
P09445,,,,,,,
P07243,,,,,,,
P03246,,,,,,,
P02314,,,,,,,
P00404,,,,,,,
P01767,,,,,,,
P09383,,,,,,,
P07357,,,,,,,
P04827,,,,,,,
P03479,,,,,,,
P05091,,,,,,,
P09291,,,,,,,
P02706,,,,,,,
P02969,,,,,,,
P10023,,,,,,,
P08742,,,,,,,
P02228,,,,,,,
P09029,,,,,,,
P08143,,,,,,,
P00674,,,,,,,
P02669,,,,,,,
P04058,,,,,,,
P06842,,,,,,,
P02746,,,,,,,
P07750,,,,,,,
P09786,,,,,,,
P01799,,,,,,,
P02216,,,,,,,
P00890,,,,,,,
P00982,,,,,,,
P08543,,,,,,,
P07922,,,,,,,
P04765,,,,,,,
P08636,,,,,,,
P07847,,,,,,,
P07363,,,,,,,
P02021,,,,,,,
P07410,,,,,,,
P03888,,,,,,,
P02831,,,,,,,
P05564,,,,,,,
P09060,,,,,,,
P01505,,,,,,,
P06142,,,,,,,
P07374,,,,,,,
P04415,,,,,,,
P07723,,,,,,,
P07829,,,,,,,
P08334,,,,,,,
P08686,,,,,,,
P00199,,,,,,,
P05318,,,,,,,
P05171,,,,,,,
P08026,,,,,,,
P03476,,,,,,,
P07345,,,,,,,
P07411,,,,,,,
P05295,,,,,,,
P02572,,,,,,,
P05540,,,,,,,
P06243,,,,,,,
P10018,,,,,,,
P03636,,,,,,,
P06306,,,,,,,
P08420,,,,,,,
P04192,,,,,,,
P06952,,,,,,,
P04732,,,,,,,
P07721,,,,,,,
P03768,,,,,,,
P05648,,,,,,,
P09580,,,,,,,
P03565,,,,,,,
P01901,,,,,,,
P03711,,,,,,,
P03442,,,,,,,
P02560,,,,,,,
P07504,,,,,,,
P09846,,,,,,,
P06531,,,,,,,
P08541,,,,,,,
P02040,,,,,,,
P07098,,,,,,,
P02886,,,,,,,
P06903,,,,,,,
P06462,,,,,,,
P08930,,,,,,,
P02303,,,,,,,
P01683,,,,,,,
P01814,,,,,,,
P05181,,,,,,,
P09701,,,,,,,
P09538,,,,,,,
P09198,,,,,,,
P00840,,,,,,,
P02703,,,,,,,
P08262,,,,,,,
P00844,,,,,,,
P02502,,,,,,,
P09058,,,,,,,
P08435,,,,,,,
P07968,,,,,,,
P04802,,,,,,,
P03717,,,,,,,
P04602,,,,,,,
P02980,,,,,,,
P04893,,,,,,,
P04705,,,,,,,
P05460,,,,,,,
P03893,,,,,,,
P03993,,,,,,,
P07513,,,,,,,
P09197,,,,,,,
P04486,,,,,,,
P09174,,,,,,,
P06997,,,,,,,
P05843,,,,,,,
P02431,,,,,,,
P00023,,,,,,,
P03702,,,,,,,
P08098,,,,,,,
P08045,,,,,,,
P05214,,,,,,,
P01183,,,,,,,
P03469,,,,,,,
P01432,,,,,,,
P01365,,,,,,,
P08037,,,,,,,
P04270,,,,,,,
P05020,,,,,,,
P07632,,,,,,,
P00786,,,,,,,
P07599,,,,,,,
P04526,,,,,,,
P06902,,,,,,,
P01957,,,,,,,
P06356,,,,,,,
P09690,,,,,,,
P00017,,,,,,,
P05595,,,,,,,
P01529,,,,,,,
P09509,,,,,,,
P02705,,,,,,,
P04808,,,,,,,
P08512,,,,,,,
P03559,,,,,,,
P01752,,,,,,,
P05228,,,,,,,
P09452,,,,,,,
P00070,,,,,,,
P02794,,,,,,,
P04620,,,,,,,
P08237,,,,,,,
P04642,,,,,,,
P03298,,,,,,,
P05274,,,,,,,
P07955,,,,,,,
P06977,,,,,,,
P02925,,,,,,,
P03338,,,,,,,
P09604,,,,,,,
P04335,,,,,,,
P09016,,,,,,,
P06640,,,,,,,
P07898,,,,,,,
P09267,,,,,,,
P00777,,,,,,,
P05847,,,,,,,
P05187,,,,,,,
P00165,,,,,,,
P05254,,,,,,,
P07952,,,,,,,
P05964,,,,,,,
P00625,,,,,,,
P03474,,,,,,,
P08649,,,,,,,
P00241,,,,,,,
P03257,,,,,,,
P06826,,,,,,,
P02678,,,,,,,
P07697,,,,,,,
P05908,,,,,,,
P04467,,,,,,,
P09931,,,,,,,
P01286,,,,,,,
P03254,,,,,,,
P06626,,,,,,,
P08942,,,,,,,
P05797,,,,,,,
P08823,,,,,,,
P03813,,,,,,,
P03588,,,,,,,
P03372,,,,,,,
P06289,,,,,,,
P06110,,,,,,,
P06859,,,,,,,
P01324,,,,,,,
P06108,,,,,,,
P06109,,,,,,,
P07270,,,,,,,
P06792,,,,,,,
P01625,,,,,,,
P09123,,,,,,,
P06102,,,,,,,
P05899,,,,,,,
P00554,,,,,,,
P08973,,,,,,,
P07756,,,,,,,
P08533,,,,,,,
P01340,,,,,,,
P09240,,,,,,,
P03541,,,,,,,
P07119,,,,,,,
P10031,,,,,,,
P06930,,,,,,,
P07497,,,,,,,
P07605,,,,,,,
P09485,,,,,,,
P01383,,,,,,,
P09051,,,,,,,
P00370,,,,,,,
P08825,,,,,,,
P00670,,,,,,,
P06252,,,,,,,
P05074,,,,,,,
P08923,,,,,,,
P04481,,,,,,,
P07065,,,,,,,
P09024,,,,,,,
P01385,,,,,,,
P06213,,,,,,,
P04456,,,,,,,
P02974,,,,,,,
P03451,,,,,,,
P07926,,,,,,,
P06507,,,,,,,
P09972,,,,,,,
P03501,,,,,,,
P00783,,,,,,,
P02366,,,,,,,
P03352,,,,,,,
P05452,,,,,,,
P04441,,,,,,,
P07624,,,,,,,
P05248,,,,,,,
P05198,,,,,,,
P06685,,,,,,,
P08937,,,,,,,
P06671,,,,,,,
P07787,,,,,,,
P01246,,,,,,,
P02280,,,,,,,
P07496,,,,,,,
P01727,,,,,,,
P05341,,,,,,,
P08019,,,,,,,
P06269,,,,,,,
P04982,,,,,,,
P08908,,,,,,,
P02396,,,,,,,
P08238,,,,,,,
P02633,,,,,,,
P03234,,,,,,,
P05516,,,,,,,
P07760,,,,,,,
P06783,,,,,,,
P08401,,,,,,,
P05345,,,,,,,
P05592,,,,,,,
P06721,,,,,,,
P01755,,,,,,,
P06218,,,,,,,
P03220,,,,,,,
P07287,,,,,,,
P04535,,,,,,,
P08375,,,,,,,
P00140,,,,,,,
P02193,,,,,,,
P09325,,,,,,,
P04874,,,,,,,
P06292,,,,,,,
P03290,,,,,,,
P05984,,,,,,,
P00802,,,,,,,
P04215,,,,,,,
P03646,,,,,,,
P03076,,,,,,,
P07698,,,,,,,
P08486,,,,,,,
P01015,,,,,,,
P05097,,,,,,,
P05525,,,,,,,
P02626,,,,,,,
P07257,,,,,,,
P01599,,,,,,,
P04675,,,,,,,
P01493,,,,,,,
P01622,,,,,,,
P09771,,,,,,,
P05610,,,,,,,
P06205,,,,,,,
P03416,,,,,,,
P01089,,,,,,,
P09215,,,,,,,
P07418,,,,,,,
P09153,,,,,,,
P08049,,,,,,,
P03748,,,,,,,
P05120,,,,,,,
P00531,,,,,,,
P00395,,,,,,,
P08488,,,,,,,
P04611,,,,,,,
P02004,,,,,,,
P08817,,,,,,,
P06350,,,,,,,
P08320,,,,,,,
P00276,,,,,,,
P01013,,,,,,,
P07070,,,,,,,
P06063,,,,,,,
P05161,,,,,,,
P02957,,,,,,,
P04570,,,,,,,
P00223,,,,,,,
P04759,,,,,,,
P04873,,,,,,,
P09704,,,,,,,
P04531,,,,,,,
P08747,,,,,,,
P05492,,,,,,,
P07132,,,,,,,
P06208,,,,,,,
P00061,,,,,,,
P02965,,,,,,,
P05783,,,,,,,
P08494,,,,,,,
P01227,,,,,,,
P09444,,,,,,,
P07467,,,,,,,
P06695,,,,,,,
P09807,,,,,,,
P01498,,,,,,,
P06483,,,,,,,
P07216,,,,,,,
P07755,,,,,,,
P03942,,,,,,,
P01831,,,,,,,
P08572,,,,,,,
P04963,,,,,,,
P08645,,,,,,,
P05582,,,,,,,
P06198,,,,,,,
P00247,,,,,,,
P09822,,,,,,,
P01749,,,,,,,
P02094,,,,,,,
P03009,,,,,,,
P00159,,,,,,,
P07003,,,,,,,
P09990,,,,,,,
P09668,,,,,,,
P00694,,,,,,,
P03516,,,,,,,
P04878,,,,,,,
P06009,,,,,,,
P05481,,,,,,,
P08803,,,,,,,
P00611,,,,,,,
P00410,,,,,,,
P02501,,,,,,,
P03080,,,,,,,
P06010,,,,,,,
P05285,,,,,,,
P07848,,,,,,,
P06308,,,,,,,
P08471,,,,,,,
P00376,,,,,,,
P03607,,,,,,,
P09520,,,,,,,
P09413,,,,,,,
P05722,,,,,,,
P00789,,,,,,,
P07419,,,,,,,
P05505,,,,,,,
P07538,,,,,,,
P03640,,,,,,,
P10010,,,,,,,
P06549,,,,,,,
P02672,,,,,,,
P03941,,,,,,,
P02361,,,,,,,
P08780,,,,,,,
P03423,,,,,,,
P03472,,,,,,,
P05240,,,,,,,
P09799,,,,,,,
P06435,,,,,,,
P08772,,,,,,,
P04245,,,,,,,
P03517,,,,,,,
P01283,,,,,,,
P01941,,,,,,,
P04967,,,,,,,
P01276,,,,,,,
P05484,,,,,,,
P06931,,,,,,,
P00549,,,,,,,
P00811,,,,,,,
P05193,,,,,,,
P08362,,,,,,,
P08808,,,,,,,
P00701,,,,,,,
P04519,,,,,,,
P07725,,,,,,,
P05508,,,,,,,
P09273,,,,,,,
P02745,,,,,,,
P04633,,,,,,,
P09570,,,,,,,
P07260,,,,,,,
P08755,,,,,,,
P04939,,,,,,,
P06522,,,,,,,
P02304,,,,,,,
P09833,,,,,,,
P05413,,,,,,,
P07386,,,,,,,
P09135,,,,,,,
P00142,,,,,,,
P02308,,,,,,,
P04331,,,,,,,
P05199,,,,,,,
P00302,,,,,,,
P04063,,,,,,,
P09080,,,,,,,
P00251,,,,,,,
P03353,,,,,,,
P01667,,,,,,,
P08364,,,,,,,
P05196,,,,,,,
P06773,,,,,,,
P04146,,,,,,,
P03414,,,,,,,
P03885,,,,,,,
P09491,,,,,,,
P00679,,,,,,,
P07902,,,,,,,
P08524,,,,,,,
P08449,,,,,,,
P06168,,,,,,,
P04347,,,,,,,
P07740,,,,,,,
P01195,,,,,,,
P06946,,,,,,,
P04872,,,,,,,
P00187,,,,,,,
P06796,,,,,,,
P07182,,,,,,,
P02201,,,,,,,
P02267,,,,,,,
P07879,,,,,,,
P05507,,,,,,,
P07368,,,,,,,
P03771,,,,,,,
P08192,,,,,,,
P01213,,,,,,,
P05129,,,,,,,
P03484,,,,,,,
P09577,,,,,,,
P01990,,,,,,,
P01834,,,,,,,
P00646,,,,,,,
P05884,,,,,,,
P05455,,,,,,,
P09648,,,,,,,
P04868,,,,,,,
P02487,,,,,,,
P09843,,,,,,,
P04709,,,,,,,
P02160,,,,,,,
P07479,,,,,,,
P03349,,,,,,,
P10008,,,,,,,
P04109,,,,,,,
P00779,,,,,,,
P09892,,,,,,,
P07039,,,,,,,
P00764,,,,,,,
P02265,,,,,,,
P08248,,,,,,,
P00746,,,,,,,
P06622,,,,,,,
P04644,,,,,,,
P06987,,,,,,,
P07997,,,,,,,
P00431,,,,,,,
P05517,,,,,,,
P07853,,,,,,,
P09477,,,,,,,
P09738,,,,,,,
P07736,,,,,,,
P08472,,,,,,,
P03562,,,,,,,
P05558,,,,,,,
P00727,,,,,,,
P04542,,,,,,,
P01869,,,,,,,
P02217,,,,,,,
P03205,,,,,,,
P06182,,,,,,,
P03729,,,,,,,
P06986,,,,,,,
P01688,,,,,,,
P09625,,,,,,,
P03510,,,,,,,
P03359,,,,,,,
P06513,,,,,,,
P09469,,,,,,,
P03611,,,,,,,
P03698,,,,,,,
P06821,,,,,,,
P08032,,,,,,,
P02343,,,,,,,
P07652,,,,,,,
P02254,,,,,,,
P07105,,,,,,,
P02162,,,,,,,
P02139,,,,,,,
P08872,,,,,,,
P03548,,,,,,,
P09435,,,,,,,
P07177,,,,,,,
P08733,,,,,,,
P05303,,,,,,,
P01779,,,,,,,
P00434,,,,,,,
P06764,,,,,,,
P04717,,,,,,,
P04137,,,,,,,
P00066,,,,,,,
P00754,,,,,,,
P09450,,,,,,,
P05902,,,,,,,
P00590,,,,,,,
P07863,,,,,,,
P00252,,,,,,,
P07752,,,,,,,
P02479,,,,,,,
P00036,,,,,,,
P03408,,,,,,,
P01374,,,,,,,
P07734,,,,,,,
P03870,,,,,,,
P08490,,,,,,,
P03512,,,,,,,
P04552,,,,,,,
P03344,,,,,,,
P03200,,,,,,,
P00174,,,,,,,
P05403,,,,,,,
P07974,,,,,,,
P00304,,,,,,,
P06889,,,,,,,
P05405,,,,,,,
P01457,,,,,,,
P05015,,,,,,,
P06239,,,,,,,
P09819,,,,,,,
P04913,,,,,,,
P06296,,,,,,,
P00329,,,,,,,
P01975,,,,,,,
P08369,,,,,,,
P01724,,,,,,,
P04314,,,,,,,
P02359,,,,,,,
P00980,,,,,,,
P08599,,,,,,,
P06120,,,,,,,
P09076,,,,,,,
P03389,,,,,,,
P04328,,,,,,,
P09272,,,,,,,
P09983,,,,,,,
P06129,,,,,,,
P07844,,,,,,,
P04972,,,,,,,
P03568,,,,,,,
P05565,,,,,,,
P01332,,,,,,,
P05208,,,,,,,
P04925,,,,,,,
P04961,,,,,,,
P00678,,,,,,,
P02136,,,,,,,
P04904,,,,,,,
P02938,,,,,,,
P07251,,,,,,,
P04253,,,,,,,
P07428,,,,,,,
P09755,,,,,,,
P01712,,,,,,,
P05259,,,,,,,
P01217,,,,,,,
P01380,,,,,,,
P07477,,,,,,,
P08906,,,,,,,
P02302,,,,,,,
P01910,,,,,,,
P02186,,,,,,,
P09581,,,,,,,
P00354,,,,,,,
P01761,,,,,,,
P06594,,,,,,,
P07689,,,,,,,
P03763,,,,,,,
P02241,,,,,,,
P04084,,,,,,,
P09680,,,,,,,
P00067,,,,,,,
P03170,,,,,,,
P01103,,,,,,,
P02209,,,,,,,
P02937,,,,,,,
P05048,,,,,,,
P09142,,,,,,,
P01848,,,,,,,
P09607,,,,,,,
P04317,,,,,,,
P05866,,,,,,,
P01946,,,,,,,
P08559,,,,,,,
P00164,,,,,,,
P06386,,,,,,,
P02365,,,,,,,
P02026,,,,,,,
P05838,,,,,,,
P03683,,,,,,,
P04725,,,,,,,
P04264,,,,,,,
P01519,,,,,,,
P01016,,,,,,,
P02338,,,,,,,
P06763,,,,,,,
P04195,,,,,,,
P07564,,,,,,,
P05830,,,,,,,
P04241,,,,,,,
P02394,,,,,,,
P07953,,,,,,,
P03149,,,,,,,
P09918,,,,,,,
P04803,,,,,,,
P08466,,,,,,,
P06250,,,,,,,
P00099,,,,,,,
P04607,,,,,,,
P04104,,,,,,,
P08940,,,,,,,
P07184,,,,,,,
P04248,,,,,,,
P03019,,,,,,,
P04383,,,,,,,
P00468,,,,,,,
P06347,,,,,,,
P04052,,,,,,,
P07923,,,,,,,
P08921,,,,,,,
P05300,,,,,,,
P08608,,,,,,,
P01052,,,,,,,
P04476,,,,,,,
P01085,,,,,,,
P05725,,,,,,,
P06433,,,,,,,
P02480,,,,,,,
P09390,,,,,,,
P09474,,,,,,,
P06015,,,,,,,
P09464,,,,,,,
P08622,,,,,,,
P07131,,,,,,,
P05293,,,,,,,
P00310,,,,,,,
P08797,,,,,,,
P06155,,,,,,,
P04906,,,,,,,
P05966,,,,,,,
P02181,,,,,,,
P03276,,,,,,,
P00449,,,,,,,
P01405,,,,,,,
P03687,,,,,,,
P07810,,,,,,,
P07556,,,,,,,
P04391,,,,,,,
P04258,,,,,,,
P08132,,,,,,,
P04691,,,,,,,
P09453,,,,,,,
P00460,,,,,,,
P05647,,,,,,,
P03557,,,,,,,
P03983,,,,,,,
P09508,,,,,,,
P03072,,,,,,,
P08454,,,,,,,
P00821,,,,,,,
P00616,,,,,,,
P03428,,,,,,,
P01711,,,,,,,
P02571,,,,,,,
P07776,,,,,,,
P00664,,,,,,,
P02466,,,,,,,
P07861,,,,,,,
P09146,,,,,,,
P02298,,,,,,,
P04865,,,,,,,
P07444,,,,,,,
P06206,,,,,,,
P09015,,,,,,,
P04544,,,,,,,
P07354,,,,,,,
P04124,,,,,,,
P09563,,,,,,,
P04225,,,,,,,
P07519,,,,,,,
P02402,,,,,,,
P01069,,,,,,,
P03193,,,,,,,
P07680,,,,,,,
P00228,,,,,,,
P06368,,,,,,,
P08591,,,,,,,
P07180,,,,,,,
P05223,,,,,,,
P04218,,,,,,,
P02727,,,,,,,
P09126,,,,,,,
P06094,,,,,,,
P09280,,,,,,,
P00723,,,,,,,
P03648,,,,,,,
P08360,,,,,,,
P00210,,,,,,,
P02910,,,,,,,
P03905,,,,,,,
P02018,,,,,,,
P03231,,,,,,,
P01220,,,,,,,
P06051,,,,,,,
P09035,,,,,,,
P02429,,,,,,,
P03459,,,,,,,
P06711,,,,,,,
P04041,,,,,,,
P08344,,,,,,,
P03521,,,,,,,
P02988,,,,,,,
P07930,,,,,,,
P05961,,,,,,,
P06195,,,,,,,
P02085,,,,,,,
P07857,,,,,,,
P06048,,,,,,,
P06504,,,,,,,
P08874,,,,,,,
P01060,,,,,,,
P08481,,,,,,,
P00095,,,,,,,
P08943,,,,,,,
P00294,,,,,,,
P08439,,,,,,,
P02503,,,,,,,
P02647,,,,,,,
P09004,,,,,,,
P08306,,,,,,,
P04237,,,,,,,
P00778,,,,,,,
P03953,,,,,,,
P02206,,,,,,,
P08723,,,,,,,
P00677,,,,,,,
P06771,,,,,,,
P08805,,,,,,,
P06992,,,,,,,
P05127,,,,,,,
P01832,,,,,,,
P07551,,,,,,,
P05013,,,,,,,
P02996,,,,,,,
P02347,,,,,,,
P03126,,,,,,,
P04777,,,,,,,
P01693,,,,,,,
P08619,,,,,,,
P05109,,,,,,,
P08536,,,,,,,
P00466,,,,,,,
P07000,,,,,,,
P02881,,,,,,,
P00009,,,,,,,
P01339,,,,,,,
P00668,,,,,,,
P09808,,,,,,,
P07767,,,,,,,
P05562,,,,,,,
P05894,,,,,,,
P01265,,,,,,,
P08528,,,,,,,
P02811,,,,,,,
P02676,,,,,,,
P03951,,,,,,,
P04246,,,,,,,
P00916,,,,,,,
P02769,,,,,,,
P07939,,,,,,,
P02573,,,,,,,
P03594,,,,,,,
P04407,,,,,,,
P05874,,,,,,,
P08877,,,,,,,
P02033,,,,,,,
P00897,,,,,,,
P05069,,,,,,,
P01189,,,,,,,
P04701,,,,,,,
P05609,,,,,,,
P06375,,,,,,,
P01417,,,,,,,
P01293,,,,,,,
P08399,,,,,,,
P05770,,,,,,,
P04586,,,,,,,
P02530,,,,,,,
P06705,,,,,,,
P04520,,,,,,,
P03115,,,,,,,
P06486,,,,,,,
P01491,,,,,,,
P07815,,,,,,,
P06307,,,,,,,
P08527,,,,,,,
P02972,,,,,,,
P00195,,,,,,,
P01467,,,,,,,
P01662,,,,,,,
P09221,,,,,,,
P03314,,,,,,,
P09696,,,,,,,
P02916,,,,,,,
P04201,,,,,,,
P09500,,,,,,,
P05365,,,,,,,
P02772,,,,,,,
P08775,,,,,,,
P00184,,,,,,,
P02380,,,,,,,
P05800,,,,,,,
P09728,,,,,,,
P02374,,,,,,,
P03641,,,,,,,
P08487,,,,,,,
P03823,,,,,,,
P08199,,,,,,,
P06892,,,,,,,
P03373,,,,,,,
P05707,,,,,,,
P07434,,,,,,,
P02807,,,,,,,
P07455,,,,,,,
P08012,,,,,,,
P06649,,,,,,,
P07297,,,,,,,
P03052,,,,,,,
P08716,,,,,,,
P01786,,,,,,,
P07093,,,,,,,
P07729,,,,,,,
P02894,,,,,,,
P00827,,,,,,,
P06870,,,,,,,
P00700,,,,,,,
P05077,,,,,,,
P05202,,,,,,,
P07790,,,,,,,
P04430,,,,,,,
P09816,,,,,,,
P06745,,,,,,,
P08388,,,,,,,
P06922,,,,,,,
P07085,,,,,,,
P00838,,,,,,,
P09429,,,,,,,
P03644,,,,,,,
P04797,,,,,,,
P01191,,,,,,,
P00171,,,,,,,
P08960,,,,,,,
P03441,,,,,,,
P07707,,,,,,,
P09968,,,,,,,
P06935,,,,,,,
P01240,,,,,,,
P04211,,,,,,,
P05283,,,,,,,
P02229,,,,,,,
P08676,,,,,,,
P00357,,,,,,,
P00949,,,,,,,
P01260,,,,,,,
P02903,,,,,,,
P09297,,,,,,,
P00845,,,,,,,
P08103,,,,,,,
P01250,,,,,,,
P02113,,,,,,,
P05112,,,,,,,
P04855,,,,,,,
P04194,,,,,,,
P09762,,,,,,,
P09492,,,,,,,
P07579,,,,,,,
P04512,,,,,,,
P08864,,,,,,,
P04575,,,,,,,
P02392,,,,,,,
P04316,,,,,,,
P00887,,,,,,,
P00970,,,,,,,
P06543,,,,,,,
P02724,,,,,,,
P03050,,,,,,,
P06376,,,,,,,
P07054,,,,,,,
P09119,,,,,,,
P08972,,,,,,,
P04579,,,,,,,
P05890,,,,,,,
P02901,,,,,,,
P08795,,,,,,,
P03903,,,,,,,
P03524,,,,,,,
P03008,,,,,,,
P06661,,,,,,,
P00515,,,,,,,
P03174,,,,,,,
P09220,,,,,,,
P07560,,,,,,,
P09350,,,,,,,
P07658,,,,,,,
P03295,,,,,,,
P09201,,,,,,,
P05858,,,,,,,
P07805,,,,,,,
P02166,,,,,,,
P00853,,,,,,,
P02989,,,,,,,
P01476,,,,,,,
P09673,,,,,,,
P01572,,,,,,,
P00078,,,,,,,
P01007,,,,,,,
P08207,,,,,,,
P03267,,,,,,,
P04823,,,,,,,
P09321,,,,,,,
P09961,,,,,,,
P09908,,,,,,,
P02515,,,,,,,
P08061,,,,,,,
P03213,,,,,,,
P08201,,,,,,,
P09374,,,,,,,
P09596,,,,,,,
P00128,,,,,,,
P05358,,,,,,,
P00826,,,,,,,
P09111,,,,,,,
P06107,,,,,,,
P05100,,,,,,,
P07938,,,,,,,
P08319,,,,,,,
P08609,,,,,,,
P02765,,,,,,,
P07308,,,,,,,
P05024,,,,,,,
P03786,,,,,,,
P03504,,,,,,,
P09189,,,,,,,
P02148,,,,,,,
P08598,,,,,,,
P09515,,,,,,,
P07144,,,,,,,
P05659,,,,,,,
P07299,,,,,,,
P00998,,,,,,,
P03083,,,,,,,
P04922,,,,,,,
P04629,,,,,,,
P03615,,,,,,,
P09788,,,,,,,
P09362,,,,,,,
P02469,,,,,,,
P09600,,,,,,,
P06327,,,,,,,
P05009,,,,,,,
P05566,,,,,,,
P08748,,,,,,,
P08904,,,,,,,
P07994,,,,,,,
P09316,,,,,,,
P08335,,,,,,,
P08279,,,,,,,
P01225,,,,,,,
P04657,,,,,,,
P03360,,,,,,,
P01437,,,,,,,
P03866,,,,,,,
P00064,,,,,,,
P02833,,,,,,,
P07854,,,,,,,
P09292,,,,,,,
P05307,,,,,,,
P06866,,,,,,,
P07780,,,,,,,
P05511,,,,,,,
P09745,,,,,,,
P07794,,,,,,,
P00297,,,,,,,
P02623,,,,,,,
P08017,,,,,,,
P01418,,,,,,,
P00154,,,,,,,
P05176,,,,,,,
P08367,,,,,,,
P09973,,,,,,,
P04121,,,,,,,
P02553,,,,,,,
P03161,,,,,,,
P08540,,,,,,,
P04442,,,,,,,
P07235,,,,,,,
P05192,,,,,,,
P02885,,,,,,,
P06413,,,,,,,
P06662,,,,,,,
P00425,,,,,,,
P04393,,,,,,,
P03658,,,,,,,
P06164,,,,,,,
P09909,,,,,,,
P07116,,,,,,,
P03709,,,,,,,
P08881,,,,,,,
P09169,,,,,,,
P07656,,,,,,,
P01592,,,,,,,
P09180,,,,,,,
P07741,,,,,,,
P04782,,,,,,,
P04911,,,,,,,
P00332,,,,,,,
P07572,,,,,,,
P04557,,,,,,,
P02230,,,,,,,
P03463,,,,,,,
P02133,,,,,,,
P00069,,,,,,,
P04440,,,,,,,
P01820,,,,,,,
P00499,,,,,,,
P09708,,,,,,,
P06417,,,,,,,
P03060,,,,,,,
P03324,,,,,,,
P04054,,,,,,,
P00785,,,,,,,
P05374,,,,,,,
P07306,,,,,,,
P00358,,,,,,,
P00741,,,,,,,
P06811,,,,,,,
P08253,,,,,,,
P08250,,,,,,,
P09863,,,,,,,
P07358,,,,,,,
P04323,,,,,,,
P06632,,,,,,,
P09987,,,,,,,
P09891,,,,,,,
P09358,,,,,,,
P08164,,,,,,,
P06485,,,,,,,
P02604,,,,,,,
P06983,,,,,,,
P01331,,,,,,,
P02195,,,,,,,
P07242,,,,,,,
P08829,,,,,,,
P09825,,,,,,,
P03331,,,,,,,
P06215,,,,,,,
P03780,,,,,,,
P06602,,,,,,,
P01958,,,,,,,
P08578,,,,,,,
P06774,,,,,,,
P08249,,,,,,,
P02157,,,,,,,
P05801,,,,,,,
P05529,,,,,,,
P08202,,,,,,,
P03335,,,,,,,
P01316,,,,,,,
P05480,,,,,,,
P02653,,,,,,,
P00655,,,,,,,
P05607,,,,,,,
P04427,,,,,,,
P07217,,,,,,,
P03020,,,,,,,
P09823,,,,,,,
P04883,,,,,,,
P09175,,,,,,,
P07571,,,,,,,
P06247,,,,,,,
P04320,,,,,,,
P00604,,,,,,,
P05997,,,,,,,
P09204,,,,,,,
P02600,,,,,,,
P06199,,,,,,,
P09544,,,,,,,
P07320,,,,,,,
P00716,,,,,,,
P02011,,,,,,,
P08915,,,,,,,
P05267,,,,,,,
P01151,,,,,,,
P09568,,,,,,,
P03379,,,,,,,
P07542,,,,,,,
P09779,,,,,,,
P02641,,,,,,,
P02251,,,,,,,
P02404,,,,,,,
P07200,,,,,,,
P01907,,,,,,,
P03113,,,,,,,
P06273,,,,,,,
P02954,,,,,,,
P04462,,,,,,,
P07555,,,,,,,
P01818,,,,,,,
P01521,,,,,,,
P04758,,,,,,,
P07129,,,,,,,
P03014,,,,,,,
P06999,,,,,,,
P03639,,,,,,,
P06853,,,,,,,
P07813,,,,,,,
P09953,,,,,,,
P00707,,,,,,,
P04525,,,,,,,
P01580,,,,,,,
P04356,,,,,,,
P02927,,,,,,,
P01833,,,,,,,
P07834,,,,,,,
P01062,,,,,,,
P04075,,,,,,,
P09276,,,,,,,
P09746,,,,,,,
P05360,,,,,,,
P05596,,,,,,,
P09353,,,,,,,
P02607,,,,,,,
P05905,,,,,,,
P04851,,,,,,,
P07137,,,,,,,
P02976,,,,,,,
P07864,,,,,,,
P01614,,,,,,,
P02087,,,,,,,
P01543,,,,,,,
P05674,,,,,,,
P01091,,,,,,,
P06354,,,,,,,
P02010,,,,,,,
P09866,,,,,,,
P09108,,,,,,,
P02393,,,,,,,
P00558,,,,,,,
P07795,,,,,,,
P03943,,,,,,,
P03628,,,,,,,
P05652,,,,,,,
P04959,,,,,,,
P06700,,,,,,,
P08715,,,,,,,
P02184,,,,,,,
P05650,,,,,,,
P08806,,,,,,,
P08371,,,,,,,
P02897,,,,,,,
P04979,,,,,,,
P00346,,,,,,,
P02492,,,,,,,
P02941,,,,,,,
P00806,,,,,,,
P03345,,,,,,,
P06422,,,,,,,
P01116,,,,,,,
P05312,,,,,,,
P08070,,,,,,,
P01109,,,,,,,
P02388,,,,,,,
P00031,,,,,,,
P05163,,,,,,,
P01059,,,,,,,
P06639,,,,,,,
P07677,,,,,,,
P04362,,,,,,,
P02828,,,,,,,
P01173,,,,,,,
P05895,,,,,,,
P06463,,,,,,,
P09154,,,,,,,
P06776,,,,,,,
P01474,,,,,,,
P09275,,,,,,,
P05665,,,,,,,
P07347,,,,,,,
P05184,,,,,,,
P04890,,,,,,,
P02598,,,,,,,
P09997,,,,,,,
P02542,,,,,,,
P05172,,,,,,,
P00561,,,,,,,
P07381,,,,,,,
P08345,,,,,,,
P05412,,,,,,,
P03336,,,,,,,
P01098,,,,,,,
P09348,,,,,,,
P00033,,,,,,,
P03104,,,,,,,
P08982,,,,,,,
P05427,,,,,,,
P02516,,,,,,,
P00753,,,,,,,
P09239,,,,,,,
P07566,,,,,,,
P09405,,,,,,,
P04820,,,,,,,
P03318,,,,,,,
P00563,,,,,,,
P03181,,,,,,,
P08221,,,,,,,
P08767,,,,,,,
P03652,,,,,,,
P00914,,,,,,,
P02007,,,,,,,
P00911,,,,,,,
P01748,,,,,,,
P09501,,,,,,,
P02191,,,,,,,
P05377,,,,,,,
P00452,,,,,,,
P04370,,,,,,,
P04418,,,,,,,
P00800,,,,,,,
P04230,,,,,,,
P08640,,,,,,,
P07543,,,,,,,
P03772,,,,,,,
P08474,,,,,,,
P01207,,,,,,,
P04117,,,,,,,
P07565,,,,,,,
P05597,,,,,,,
P03289,,,,,,,
P05189,,,,,,,
P05200,,,,,,,
P08778,,,,,,,
P00807,,,,,,,
P00633,,,,,,,
P06299,,,,,,,
P09095,,,,,,,
P00255,,,,,,,
P09714,,,,,,,
P02089,,,,,,,
P05613,,,,,,,
P03496,,,,,,,
P07471,,,,,,,
P01235,,,,,,,
P06759,,,,,,,
P03921,,,,,,,
P09854,,,,,,,
P09191,,,,,,,
P01336,,,,,,,
P01433,,,,,,,
P03770,,,,,,,
P09385,,,,,,,
P02518,,,,,,,
P04863,,,,,,,
P09225,,,,,,,
P08963,,,,,,,
P05580,,,,,,,
P00321,,,,,,,
P08165,,,,,,,
P04784,,,,,,,
P05041,,,,,,,
P07102,,,,,,,
P05369,,,,,,,
P07399,,,,,,,
P04022,,,,,,,
P07525,,,,,,,
P05764,,,,,,,
P04615,,,,,,,
P00524,,,,,,,
P02709,,,,,,,
P02544,,,,,,,
P01673,,,,,,,
P08393,,,,,,,
P00183,,,,,,,
P02852,,,,,,,
P02799,,,,,,,
P08531,,,,,,,
P02866,,,,,,,
P04021,,,,,,,
P09867,,,,,,,
P00990,,,,,,,
P07704,,,,,,,
P02691,,,,,,,
P04390,,,,,,,
P09784,,,,,,,
P07936,,,,,,,
P09958,,,,,,,
P01803,,,,,,,
P00011,,,,,,,
P04213,,,,,,,
P00908,,,,,,,
P04955,,,,,,,
P06629,,,,,,,
P09787,,,,,,,
P05537,,,,,,,
P01986,,,,,,,
P00432,,,,,,,
P02788,,,,,,,
P05049,,,,,,,
P03051,,,,,,,
P02819,,,,,,,
P04045,,,,,,,
P01512,,,,,,,
P05981,,,,,,,
P08436,,,,,,,
P07759,,,,,,,
P04450,,,,,,,
P03653,,,,,,,
P03370,,,,,,,
P08988,,,,,,,
P09930,,,,,,,
P03315,,,,,,,
P09426,,,,,,,
P01851,,,,,,,
P01086,,,,,,,
P07980,,,,,,,
P06706,,,,,,,
P07503,,,,,,,
P08002,,,,,,,
P00834,,,,,,,
P05775,,,,,,,
P00426,,,,,,,
P00634,,,,,,,
P03163,,,,,,,
P00879,,,,,,,
P04110,,,,,,,
P01322,,,,,,,
P01643,,,,,,,
P06367,,,,,,,
P08728,,,,,,,
P07621,,,,,,,
P05268,,,,,,,
P05503,,,,,,,
P01766,,,,,,,
P02747,,,,,,,
P00730,,,,,,,
P01666,,,,,,,
P00167,,,,,,,
P07649,,,,,,,
P05155,,,,,,,
P01073,,,,,,,
P01472,,,,,,,
P08084,,,,,,,
P07027,,,,,,,
P02261,,,,,,,
P09560,,,,,,,
P07406,,,,,,,
P05522,,,,,,,
P08307,,,,,,,
P03662,,,,,,,
P01352,,,,,,,
P01788,,,,,,,
P08766,,,,,,,
P07528,,,,,,,
P09813,,,,,,,
P02762,,,,,,,
P03228,,,,,,,
P02751,,,,,,,
P03696,,,,,,,
P04127,,,,,,,
P00713,,,,,,,
P04532,,,,,,,
P04837,,,,,,,
P00170,,,,,,,
P06937,,,,,,,
P04414,,,,,,,
P04136,,,,,,,
P06341,,,,,,,
P06228,,,,,,,
P03790,,,,,,,
P05139,,,,,,,
P03440,,,,,,,
P05701,,,,,,,
P03722,,,,,,,
P09847,,,,,,,
P05151,,,,,,,
P06494,,,,,,,
P07524,,,,,,,
P07055,,,,,,,
P05557,,,,,,,
P04513,,,,,,,
P03858,,,,,,,
P06241,,,,,,,
P02752,,,,,,,
P05266,,,,,,,
P09103,,,,,,,
P05738,,,,,,,
P07285,,,,,,,
P07582,,,,,,,
P09260,,,,,,,
P04099,,,,,,,
P04763,,,,,,,
P05045,,,,,,,
P00521,,,,,,,
P00550,,,,,,,
P06708,,,,,,,
P02425,,,,,,,
P04312,,,,,,,
P08573,,,,,,,
P08440,,,,,,,
P06769,,,,,,,
P09529,,,,,,,
P05708,,,,,,,
P09974,,,,,,,
P01852,,,,,,,
P06370,,,,,,,
P01546,,,,,,,
P00366,,,,,,,
P03978,,,,,,,
P05478,,,,,,,
P03507,,,,,,,
P07987,,,,,,,
P08396,,,,,,,
P07690,,,,,,,
P01868,,,,,,,
P00729,,,,,,,
P04871,,,,,,,
P00773,,,,,,,
P00189,,,,,,,
P01602,,,,,,,
P08270,,,,,,,
P01415,,,,,,,
P07735,,,,,,,
P09075,,,,,,,
P06192,,,,,,,
P06324,,,,,,,
P08158,,,,,,,
P03013,,,,,,,
P06976,,,,,,,
P09349,,,,,,,
P01471,,,,,,,
P08448,,,,,,,
P02290,,,,,,,
P09121,,,,,,,
P01377,,,,,,,
P03716,,,,,,,
P00740,,,,,,,
P08507,,,,,,,
P03432,,,,,,,
P09660,,,,,,,
P09765,,,,,,,
P05357,,,,,,,
P09084,,,,,,,
P09265,,,,,,,
P07483,,,,,,,
P07602,,,,,,,
P00748,,,,,,,
P06028,,,,,,,
P07038,,,,,,,
P06246,,,,,,,
P08331,,,,,,,
P02116,,,,,,,
P06495,,,,,,,
P09447,,,,,,,
P08893,,,,,,,
P09397,,,,,,,
P06884,,,,,,,
P07096,,,,,,,
P05093,,,,,,,
P03913,,,,,,,
P08443,,,,,,,
P06920,,,,,,,
P06525,,,,,,,
P03096,,,,,,,
P01639,,,,,,,
P01361,,,,,,,
P01034,,,,,,,
P07772,,,,,,,
P07019,,,,,,,
P01473,,,,,,,
P00324,,,,,,,
P02003,,,,,,,
P07459,,,,,,,
P06491,,,,,,,
P02906,,,,,,,
P00714,,,,,,,
P06562,,,,,,,
P00469,,,,,,,
P01918,,,,,,,
P08039,,,,,,,
P00603,,,,,,,
P08060,,,,,,,
P09758,,,,,,,
P07245,,,,,,,
P08537,,,,,,,
P03059,,,,,,,
P05763,,,,,,,
P05164,,,,,,,
P06915,,,,,,,
P02629,,,,,,,
P03495,,,,,,,
P00465,,,,,,,
P07282,,,,,,,
P07645,,,,,,,
P08967,,,,,,,
P03146,,,,,,,
P05670,,,,,,,
P00629,,,,,,,
P03828,,,,,,,
P05438,,,,,,,
P05042,,,,,,,
P05560,,,,,,,
P05133,,,,,,,
P03834,,,,,,,
P10000,,,,,,,
P09594,,,,,,,
P06508,,,,,,,
P09794,,,,,,,
